"","Div","Date","HomeTeam","AwayTeam","FTHG","FTAG","FTR","HTHG","HTAG","HTR","B365H","B365D","B365A","GBH","GBD","GBA","IWH","IWD","IWA","LBH","LBD","LBA","SOH","SOD","SOA","SBH","SBD","SBA","WHH","WHD","WHA","GB.2.5","GB.2.5.1","B365.2.5","B365.2.5.1","GBAHH","GBAHA","GBAH","LBAHH","LBAHA","LBAH","B365AHH","B365AHA","B365AH","X","X.1","X.2","X.3","X.4","X.5","X.6"
"1","SP1","30/08/03","Albacete","Osasuna",0,2,"A",0,1,"A",2.3,3,3,2.35,3.1,2.9,2,3.1,3.2,2.2,3,3,2.3,3,2.88,2.3,3,2.87,2.2,3.1,2.87,2,1.71,2,1.72,2.05,1.75,-0.25,2.05,1.8,-0.25,2.05,1.85,-0.25,NA,NA,NA,NA,NA,NA,NA
"2","SP1","30/08/03","Ath Bilbao","Barcelona",0,1,"A",0,1,"A",2.6,3.2,2.5,2.75,3.15,2.4,2.9,3,2.2,2.375,3.2,2.6,2.6,3.2,2.4,2.6,3.2,2.4,2.6,3.1,2.4,1.71,2,1.8,1.9,1.77,2.05,0.25,1.75,2.1,0.25,1.8,2.1,0.25,NA,NA,NA,NA,NA,NA,NA
"3","SP1","30/08/03","Espanol","Sociedad",1,1,"D",1,0,"H",2.6,3.2,2.5,2.55,3.1,2.6,2.8,2.9,2.3,2.6,3.2,2.375,2.6,3,2.5,2.6,3,2.5,2.37,3.1,2.62,1.75,1.95,1.8,1.9,1.85,1.95,0,1.9,1.95,0,1.85,2.05,0,NA,NA,NA,NA,NA,NA,NA
"4","SP1","30/08/03","Malaga","Villarreal",0,0,"D",0,0,"D",2.3,3.2,2.875,2.3,3.1,3,2.3,2.9,2.8,2.25,3.2,2.75,2.38,3.1,2.7,2.37,3.1,2.7,2.2,3,3,2,1.71,1.9,1.8,2,1.8,-0.25,2.1,1.75,-0.25,2.1,1.8,-0.25,NA,NA,NA,NA,NA,NA,NA
"5","SP1","30/08/03","Real Madrid","Betis",2,1,"H",1,1,"D",1.364,4.333,7.5,1.35,4.35,8,1.45,3.8,5.4,1.4,3.75,7,1.3,4.5,8,1.3,4.5,8,1.36,3.75,8,1.5,2.35,1.61,2.2,1.9,1.9,-1.5,1.95,1.9,-1.5,1.975,1.925,-1.5,NA,NA,NA,NA,NA,NA,NA
"6","SP1","30/08/03","Valencia","Valladolid",1,1,"D",0,1,"A",1.4,3.75,8.5,1.45,3.8,7,1.5,3.7,5,1.444,3.6,6.5,1.4,3.75,7.5,1.4,3.75,7.5,1.4,3.75,7,1.95,1.75,1.9,1.8,1.85,1.95,-1.25,1.95,1.9,-1.25,2.025,1.875,-1.25,NA,NA,NA,NA,NA,NA,NA
"7","SP1","31/08/03","Celta","Murcia",1,1,"D",1,0,"H",1.444,3.6,8,1.45,3.8,7,1.45,3.8,5.4,1.444,3.6,6.5,1.44,3.6,7,1.44,3.6,7,1.44,3.3,7.5,1.79,1.9,1.83,1.83,1.8,2,-1.25,1.85,2,-1.25,1.875,2.025,-1.25,NA,NA,NA,NA,NA,NA,NA
"8","SP1","31/08/03","Santander","Mallorca",2,1,"H",1,0,"H",2.375,3.2,2.75,2.38,3.15,2.75,2.3,2.9,2.8,2.375,3.2,2.6,2.4,3.2,2.6,2.4,3.2,2.6,2.3,3.2,2.62,1.95,1.75,1.83,1.83,2.05,1.77,-0.25,2.1,1.75,-0.25,2.1,1.8,-0.25,NA,NA,NA,NA,NA,NA,NA
"9","SP1","31/08/03","Sevilla","Ath Madrid",1,0,"H",1,0,"H",2.2,3.2,3,2.25,3.1,3.05,2.1,2.9,3.2,2.25,3.2,2.75,2.25,3.1,2.88,2.25,3.1,2.87,2.25,3.1,2.8,2.05,1.65,1.9,1.8,1.95,1.85,-0.25,1.95,1.9,-0.25,1.9,2,-0.25,NA,NA,NA,NA,NA,NA,NA
"10","SP1","31/08/03","Zaragoza","La Coruna",0,1,"A",0,0,"D",3,3.2,2.2,2.9,3.25,2.25,2.8,2.9,2.3,2.8,3.2,2.2,2.88,3.2,2.2,2.87,3.2,2.2,2.62,3.1,2.37,1.85,1.85,1.8,1.9,1.9,1.9,0.25,1.9,1.95,0.25,1.95,1.95,0.25,NA,NA,NA,NA,NA,NA,NA
"11","SP1","02/09/03","Osasuna","Valencia",0,1,"A",0,0,"D",2.87,3.2,2.3,2.85,3.2,2.32,2.8,2.9,2.3,2.75,3.2,2.25,2.88,3.2,2.2,2.87,3.1,2.25,2.87,3.1,2.2,1.95,1.66,2.1,1.66,1.75,2.08,0.25,1.75,2.1,0.25,2,1.9,-0.75,NA,NA,NA,NA,NA,NA,NA
"12","SP1","02/09/03","Sociedad","Celta",1,1,"D",1,0,"H",1.9,3.25,3.75,1.9,3.3,3.7,1.9,3.1,3.5,1.8,3.25,3.75,1.91,3.2,3.6,1.9,3.2,3.6,1.9,3.2,3.5,1.74,1.85,1.83,1.83,1.9,1.9,-0.5,1.95,1.9,-0.5,1.95,1.95,-0.5,NA,NA,NA,NA,NA,NA,NA
"13","SP1","02/09/03","Villarreal","Real Madrid",1,1,"D",0,0,"D",4,3.4,1.8,4.25,3.4,1.81,3.6,3.1,1.85,4.333,3.2,1.727,4,3.4,1.73,4,3.4,1.75,3.75,3.3,1.8,1.66,1.95,1.72,2,1.7,2.05,0.75,1.95,1.9,0.5,1.975,1.925,0.5,NA,NA,NA,NA,NA,NA,NA
"14","SP1","03/09/03","Ath Madrid","Albacete",1,0,"H",0,0,"D",1.53,3.4,6.5,1.45,3.75,7,1.45,3.6,5.8,1.444,3.6,6.5,1.44,3.75,6.5,1.44,3.75,6.5,1.44,3.6,6.5,1.74,1.85,1.8,1.9,1.85,1.95,-1.25,1.95,1.9,-1.25,1.975,1.925,-1.25,NA,NA,NA,NA,NA,NA,NA
"15","SP1","03/09/03","Barcelona","Sevilla",1,1,"D",0,1,"A",1.57,3.4,6,1.53,3.65,5.75,1.5,3.7,5,1.571,3.5,5,1.44,3.75,6.5,1.44,3.75,6.5,1.5,3.6,5.5,1.75,1.9,1.8,1.9,2,1.8,-1,1.85,2,-0.75,1.9,2,-0.75,NA,NA,NA,NA,NA,NA,NA
"16","SP1","03/09/03","Betis","Espanol",2,2,"D",2,0,"H",1.72,3.25,4.75,1.7,3.4,4.6,1.8,3.1,3.8,1.667,3.25,4.5,1.73,3.2,4.5,1.72,3.2,4.5,1.66,3.3,4.5,1.85,1.74,2,1.72,1.95,1.85,-0.75,1.9,1.95,-0.75,1.95,1.95,-0.75,NA,NA,NA,NA,NA,NA,NA
"17","SP1","03/09/03","La Coruna","Ath Bilbao",2,0,"H",1,0,"H",1.57,3.4,6,1.5,3.75,6,1.5,3.5,5.4,1.571,3.25,5.5,1.5,3.5,6,1.5,3.5,6,1.5,3.4,6,1.7,1.9,1.8,1.9,2,1.8,-1,2.05,1.8,-1,1.8,2.1,-0.75,NA,NA,NA,NA,NA,NA,NA
"18","SP1","03/09/03","Mallorca","Zaragoza",2,0,"H",1,0,"H",1.72,3.4,4.5,1.75,3.4,4.25,1.8,3.1,3.8,1.727,3.2,4.333,1.67,3.4,4.5,1.66,3.4,4.5,1.72,3.4,4,1.74,1.85,1.9,1.8,2,1.8,-0.75,2.05,1.8,-0.75,2.025,1.875,-0.75,NA,NA,NA,NA,NA,NA,NA
"19","SP1","03/09/03","Murcia","Santander",1,1,"D",1,1,"D",2.25,3.2,2.9,2.15,3.2,3.1,2,3,3.3,2.1,3.2,3,2.25,3.2,2.8,2.25,3.2,2.8,2,3.2,3.2,1.9,1.7,1.9,1.8,1.85,1.95,-0.25,1.95,1.9,-0.25,1.875,2.025,-0.25,NA,NA,NA,NA,NA,NA,NA
"20","SP1","03/09/03","Valladolid","Malaga",1,0,"H",1,0,"H",1.9,3.25,3.75,1.95,3.25,3.6,1.9,3,3.6,2,3.2,3.2,1.91,3.2,3.6,1.9,3.2,3.6,1.9,3.2,3.5,1.9,1.7,2.1,1.66,1.95,1.85,-0.5,2,1.85,-0.5,1.975,1.925,-0.5,NA,NA,NA,NA,NA,NA,NA
"21","SP1","13/09/03","Celta","Betis",0,2,"A",0,1,"A",1.8,3.2,4.33,1.85,3.2,4.1,1.85,3.1,3.6,1.8,3.2,4,1.91,3.25,3.5,1.9,3.2,3.6,1.8,3.1,4,1.9,1.7,1.83,1.83,1.85,1.95,-0.5,1.95,1.9,-0.5,1.9,2,-0.5,NA,NA,NA,NA,NA,NA,NA
"22","SP1","13/09/03","Real Madrid","Valladolid",7,2,"H",3,0,"H",1.28,4.5,10,1.28,4.75,9.5,1.3,4.2,8,1.333,4,8,1.25,4.5,10,1.25,4.75,10,1.25,4.5,10,1.51,2.2,1.61,2.2,1.8,2,-1.5,1.8,2.05,-1.5,1.875,2.025,-1.5,NA,NA,NA,NA,NA,NA,NA
"23","SP1","13/09/03","Santander","Sociedad",0,1,"A",0,1,"A",2.6,3.2,2.5,2.65,3.05,2.55,2.5,3,2.5,2.5,3.2,2.5,2.62,3,2.5,2.6,3,2.5,2.4,3.1,2.6,1.7,1.9,1.9,1.8,1.85,1.95,0,1.8,2.05,0,1.9,2,-1,NA,NA,NA,NA,NA,NA,NA
"24","SP1","13/09/03","Sevilla","La Coruna",1,2,"A",0,1,"A",2.7,3.2,2.4,2.65,3.05,2.55,2.7,3,2.3,2.5,3.2,2.5,2.62,3,2.5,2.6,3,2.5,2.62,2.9,2.5,1.85,1.74,2,1.72,1.95,1.85,0,2.05,1.8,0,2,1.9,-1,NA,NA,NA,NA,NA,NA,NA
"25","SP1","14/09/03","Albacete","Barcelona",1,2,"A",0,1,"A",4.75,3.25,1.72,4.3,3.3,1.78,3.8,3.1,1.8,3.75,3.25,1.8,4.33,3.25,1.73,4.2,3.25,1.75,3.75,3.2,1.83,1.83,1.83,1.8,1.9,1.85,1.95,0.5,1.85,2,0.5,1.95,1.95,0.5,NA,NA,NA,NA,NA,NA,NA
"26","SP1","14/09/03","Ath Bilbao","Mallorca",4,0,"H",2,0,"H",2,3.2,3.5,2.02,3.15,3.5,1.9,3.1,3.5,1.909,3.2,3.5,2,3.25,3.25,2,3.1,3.4,1.9,3.2,3.5,1.74,1.85,1.9,1.8,1.8,2,-0.25,1.8,2.05,-0.25,1.8,2.1,-0.25,NA,NA,NA,NA,NA,NA,NA
"27","SP1","14/09/03","Espanol","Villarreal",1,2,"A",1,1,"D",2.25,3.2,2.9,2.3,3.1,2.93,2.1,2.9,3.2,2.25,3,2.875,2.25,3,3,2.3,3,2.87,2.1,3,3.2,1.9,1.7,1.9,1.8,2,1.8,-0.25,2,1.85,-0.25,2,1.9,-0.25,NA,NA,NA,NA,NA,NA,NA
"28","SP1","14/09/03","Osasuna","Ath Madrid",1,0,"H",1,0,"H",2.37,3.2,2.75,2.5,3.05,2.7,2.4,3,2.6,2.375,3.2,2.6,2.5,3,2.62,2.5,3,2.6,2.37,3.1,2.62,1.9,1.7,2,1.72,1.9,1.9,0,2.05,1.8,-0.25,2.05,1.85,-0.25,NA,NA,NA,NA,NA,NA,NA
"29","SP1","14/09/03","Valencia","Malaga",1,0,"H",1,0,"H",1.4,3.75,8.5,1.42,3.75,8,1.5,3.5,5.4,1.4,3.75,7,1.44,3.5,7,1.44,3.6,7,1.36,3.6,9,1.74,1.85,1.9,1.8,1.95,1.85,-1.25,1.95,1.9,-1.25,1.95,1.95,-1.25,NA,NA,NA,NA,NA,NA,NA
"30","SP1","14/09/03","Zaragoza","Murcia",3,0,"H",3,0,"H",2.1,3.2,3.25,2.02,3.1,3.65,1.8,3.1,3.8,2.1,3.2,3,2,3.25,3.25,2,3.1,3.4,1.9,3.1,3.6,1.9,1.7,2,1.72,1.8,2,-0.25,2.1,1.75,-0.5,1.8,2.1,-0.25,NA,NA,NA,NA,NA,NA,NA
"31","SP1","20/09/03","Ath Madrid","Valencia",0,3,"A",0,0,"D",2.37,3.2,2.75,2.5,3.1,2.65,2.3,3,2.7,2.5,2.875,2.625,2.4,3.1,2.7,2.4,3.1,2.7,2.5,3.1,2.5,1.95,1.66,2,1.72,1.9,1.9,0,1.9,1.95,0,1.925,1.975,0,NA,NA,NA,NA,NA,NA,NA
"32","SP1","20/09/03","Barcelona","Osasuna",1,1,"D",0,0,"D",1.36,4,8.5,1.33,4.25,9,1.35,4,7,1.3,4.333,8,1.33,4,8.5,1.33,4,8.5,1.33,4.2,7.5,1.61,2,1.72,2,1.95,1.85,-1.5,2,1.85,-1.5,2.05,1.85,-1.5,NA,NA,NA,NA,NA,NA,NA
"33","SP1","21/09/03","Betis","Santander",0,0,"D",0,0,"D",1.66,3.4,5,1.65,3.4,5,1.6,3.3,4.8,1.615,3.25,5,1.62,3.4,5,1.61,3.4,5,1.66,3.1,5,1.7,1.9,1.8,1.9,1.85,1.95,-0.75,1.8,2.05,-0.75,1.825,2.075,-0.75,NA,NA,NA,NA,NA,NA,NA
"34","SP1","21/09/03","La Coruna","Albacete",3,0,"H",0,0,"D",1.28,4.5,10,1.3,4.5,9.5,1.3,4.2,8,1.25,4.5,10,1.29,4.5,8.5,1.28,4.5,8.5,1.22,5,9.5,1.61,2,1.72,2,2,1.8,-1.75,2.05,1.8,-1.75,2.05,1.85,-1.75,NA,NA,NA,NA,NA,NA,NA
"35","SP1","21/09/03","Malaga","Real Madrid",1,3,"A",0,1,"A",5,3.4,1.66,5.1,3.5,1.6,4.4,3.3,1.65,4.5,3.5,1.615,4.5,3.4,1.67,4.5,3.4,1.66,5.5,3.3,1.57,1.61,2,1.66,2.1,1.9,1.9,1,1.95,1.9,1,1.95,1.95,1,NA,NA,NA,NA,NA,NA,NA
"36","SP1","21/09/03","Mallorca","Sevilla",1,1,"D",1,1,"D",2.1,3.25,3.2,2.15,3.2,3.1,2.1,3,3.1,2.2,3.2,2.8,2.1,3.2,3.1,2.1,3.2,3.1,2.1,3.1,3.1,1.74,1.85,1.9,1.8,1.9,1.9,-0.25,2.05,1.8,-0.5,2.125,1.775,-0.5,NA,NA,NA,NA,NA,NA,NA
"37","SP1","21/09/03","Murcia","Ath Bilbao",2,2,"D",1,1,"D",2.37,3.2,2.75,2.45,3.1,2.7,2.5,3,2.5,2.25,3.2,2.75,2.38,3.1,2.7,2.37,3.1,2.7,2.3,3.1,2.75,1.85,1.74,1.9,1.8,1.85,1.95,0,2.1,1.75,-0.25,2.1,1.8,-0.25,NA,NA,NA,NA,NA,NA,NA
"38","SP1","21/09/03","Sociedad","Zaragoza",3,0,"H",0,0,"D",1.57,3.4,6,1.6,3.4,5.5,1.6,3.3,4.8,1.5,3.4,6,1.57,3.4,5.5,1.57,3.4,5.5,1.57,3.3,5.5,1.7,1.9,1.8,1.9,2.05,1.75,-1,2,1.85,-1,2,1.9,-1,NA,NA,NA,NA,NA,NA,NA
"39","SP1","21/09/03","Valladolid","Espanol",3,1,"H",2,1,"H",2,3.2,3.5,2.1,3.1,3.35,2,3.1,3.2,1.833,3.2,3.75,2,3.1,3.4,2,3.1,3.4,2.1,3,3.2,1.9,1.7,2,1.72,1.85,1.95,-0.25,2.05,1.8,-0.5,2.1,1.8,-0.5,NA,NA,NA,NA,NA,NA,NA
"40","SP1","21/09/03","Villarreal","Celta",1,1,"D",0,0,"D",2.25,3.2,2.9,2.2,3.1,3.1,2,3.1,3.2,2.1,3.2,3,2.25,3.1,2.88,2.25,3.1,2.87,2.1,3.1,3.1,1.74,1.85,1.9,1.8,1.95,1.85,-0.25,1.9,1.95,-0.25,1.825,2.025,-0.25,NA,NA,NA,NA,NA,NA,NA
"41","SP1","27/09/03","Ath Bilbao","Sociedad",1,0,"H",0,0,"D",2.3,3.2,2.7,2.4,3.1,2.8,2.3,3,2.7,2.375,3.2,2.6,2.38,3.25,2.63,2.4,3,2.75,2.5,3.1,2.5,1.9,1.75,1.83,1.83,1.8,2,0,1.8,2.05,0,1.8,2.1,0,NA,NA,NA,NA,NA,NA,NA
"42","SP1","27/09/03","Celta","Valladolid",3,2,"H",0,1,"A",1.72,3.2,4.5,1.75,3.3,4.5,1.65,3.2,4.6,1.727,3.2,4.333,1.73,3.25,4.33,1.72,3.25,4.33,1.61,3.3,5,1.95,1.71,1.9,1.8,1.95,1.85,-0.75,1.95,1.9,-0.75,1.95,1.95,-0.75,NA,NA,NA,NA,NA,NA,NA
"43","SP1","27/09/03","Osasuna","La Coruna",3,2,"H",3,1,"H",2.8,3.2,2.25,2.95,3.2,2.25,3.1,3,2.1,3,3.2,2.1,3,3,2.25,3,3,2.25,3.1,3.1,2.1,1.83,1.83,1.9,1.8,NA,NA,NA,1.8,2.05,0.25,1.85,2.05,0.25,NA,NA,NA,NA,NA,NA,NA
"44","SP1","27/09/03","Valencia","Real Madrid",2,0,"H",1,0,"H",2.62,3.2,2.37,2.75,3.15,2.4,2.9,3,2.2,2.8,3.2,2.2,2.75,3.2,2.25,2.7,3.1,2.37,2.87,3.1,2.2,1.71,1.95,1.83,1.83,1.9,1.9,0.25,1.9,1.95,0.25,1.9,2,0.25,NA,NA,NA,NA,NA,NA,NA
"45","SP1","28/09/03","Albacete","Mallorca",2,0,"H",1,0,"H",2.6,3.2,2.4,2.6,3.2,2.5,2.5,3,2.5,2.6,3.2,2.375,2.63,3.25,2.38,2.6,3,2.5,2.6,3.1,2.4,1.95,1.71,1.9,1.8,1.95,1.85,0,2,1.85,0,1.975,1.925,0,NA,NA,NA,NA,NA,NA,NA
"46","SP1","28/09/03","Ath Madrid","Barcelona",0,0,"D",0,0,"D",2.5,3.2,2.5,2.7,3.15,2.45,2.5,3,2.5,2.75,3.2,2.25,2.4,3,2.75,2.6,3.2,2.4,2.62,3.2,2.3,1.71,1.95,1.8,1.9,1.8,2,0.25,1.8,2.05,0.25,1.8,2.1,0.25,NA,NA,NA,NA,NA,NA,NA
"47","SP1","28/09/03","Espanol","Malaga",1,2,"A",0,1,"A",2,3,3.5,2,3.2,3.5,1.85,3.1,3.6,1.909,3,3.75,2,3.25,3.25,2,3.1,3.4,1.9,3.2,3.5,1.83,1.83,1.9,1.8,1.97,1.83,-0.5,2,1.85,-0.5,2.05,1.85,-0.5,NA,NA,NA,NA,NA,NA,NA
"48","SP1","28/09/03","Santander","Villarreal",0,2,"A",0,0,"D",2.25,3.2,2.8,2.35,3.1,2.85,2.2,3,2.9,2.25,3.2,2.75,2.25,3,3,2.3,3,2.87,2.3,3.1,2.75,1.9,1.75,1.83,1.83,2,1.8,-0.25,2.05,1.8,-0.25,2.05,1.85,-0.25,NA,NA,NA,NA,NA,NA,NA
"49","SP1","28/09/03","Sevilla","Murcia",1,0,"H",0,0,"D",1.66,3.2,5,1.7,3.25,5,1.65,3.2,4.6,1.615,3.25,5,1.67,3.25,5,1.7,3.1,5,1.61,3.3,5,1.83,1.83,1.9,1.8,1.85,1.95,-0.75,1.85,2,-0.75,1.85,2.05,-0.75,NA,NA,NA,NA,NA,NA,NA
"50","SP1","28/09/03","Zaragoza","Betis",0,1,"A",0,0,"D",2.25,3.2,2.8,2.4,3.1,2.8,2.5,3,2.5,2.375,3.2,2.6,2.2,3.25,2.88,2.3,3.1,2.8,2.25,3.1,2.8,1.83,1.83,1.9,1.8,1.78,2.03,0,1.8,2.05,0,1.75,2.15,0,NA,NA,NA,NA,NA,NA,NA
"51","SP1","04/10/03","Betis","Ath Bilbao",1,1,"D",0,0,"D",1.9,3.25,3.5,1.95,3.25,3.6,1.85,3.1,3.6,1.8,3.2,4,1.91,3.2,3.6,1.9,3.2,3.6,2,3.1,3.3,1.85,1.74,1.83,1.83,1.95,1.85,-0.5,1.95,1.9,-0.5,2.05,1.85,-0.5,NA,NA,NA,NA,NA,NA,NA
"52","SP1","04/10/03","La Coruna","Ath Madrid",5,1,"H",2,1,"H",1.44,3.75,6.5,1.5,3.6,6.5,1.5,3.5,5.4,1.444,3.6,6.5,1.5,3.5,6,1.5,3.6,5.75,1.5,3.4,6,1.74,1.85,1.72,2,1.9,1.9,-1,1.9,1.95,-1,1.9,2,-1,NA,NA,NA,NA,NA,NA,NA
"53","SP1","04/10/03","Villarreal","Zaragoza",1,1,"D",1,1,"D",1.72,3.2,4.5,1.75,3.3,4.5,1.6,3.4,4.6,1.667,3.25,4.5,1.67,3.4,4.5,1.7,3.25,4.5,1.66,3.3,4.5,1.85,1.74,1.9,1.8,1.85,1.95,-0.75,1.85,2,-0.75,1.85,2.05,-0.75,NA,NA,NA,NA,NA,NA,NA
"54","SP1","05/10/03","Barcelona","Valencia",0,1,"A",0,1,"A",2.2,3.25,2.8,2.3,3.1,2.9,2.1,3,3.1,2.25,3.2,2.75,2.38,3.2,2.63,2.2,3.1,3,2.3,3.2,2.62,1.74,1.85,1.83,1.83,2.1,1.75,-0.25,2.1,1.75,-0.25,2.125,1.775,-0.25,NA,NA,NA,NA,NA,NA,NA
"55","SP1","05/10/03","Malaga","Celta",2,1,"H",1,0,"H",2.4,3.2,2.6,2.55,3,2.65,2.5,3,2.5,2.5,2.875,2.625,2.4,3.2,2.6,2.4,3.2,2.6,2.5,2.9,2.62,1.8,1.8,2,1.72,1.8,2,0,1.8,2.05,0,1.85,2.05,0,NA,NA,NA,NA,NA,NA,NA
"56","SP1","05/10/03","Mallorca","Osasuna",1,1,"D",0,0,"D",2,3.25,3.25,2.1,3.2,3.3,2,3.1,3.2,2.1,3.2,3,2,3.1,3.4,2,3.1,3.4,2.1,3.2,3,1.74,1.85,2,1.72,1.85,1.95,-0.25,1.85,2,-0.25,1.85,2.05,-0.25,NA,NA,NA,NA,NA,NA,NA
"57","SP1","05/10/03","Murcia","Albacete",1,0,"H",1,0,"H",1.9,3.25,3.5,1.95,3.15,3.75,1.9,3.1,3.5,1.833,3.2,3.75,2,3.1,3.4,2,3.1,3.4,1.9,3.2,3.5,1.85,1.74,2,1.72,1.95,1.85,-0.5,2,1.85,-0.5,2,1.9,-0.5,NA,NA,NA,NA,NA,NA,NA
"58","SP1","05/10/03","Real Madrid","Espanol",2,1,"H",0,0,"D",1.2,5,12,1.25,5,10,1.2,5,10,1.2,5,11,1.2,5,12,1.2,5,12,1.16,5.5,12,1.41,2.45,1.57,2.25,1.8,2,-1.75,1.8,2.05,-1.75,1.8,2.1,-1.75,NA,NA,NA,NA,NA,NA,NA
"59","SP1","05/10/03","Sociedad","Sevilla",1,1,"D",1,1,"D",1.66,3.2,5,1.7,3.3,4.8,1.65,3.2,4.6,1.667,3.25,4.5,1.67,3.25,4.75,1.7,3.25,4.5,1.61,3.3,5,1.85,1.74,1.83,1.83,2,1.8,-0.75,2,1.85,-0.75,1.95,1.95,-0.75,NA,NA,NA,NA,NA,NA,NA
"60","SP1","05/10/03","Valladolid","Santander",0,4,"A",0,1,"A",1.9,3.25,3.5,1.95,3.25,3.6,1.85,3.1,3.6,1.833,3.2,3.75,1.83,3.2,3.8,1.85,3.2,3.8,2,3.1,3.3,1.9,1.7,1.9,1.8,1.95,1.85,-0.5,NA,NA,NA,1.95,1.95,-0.5,NA,NA,NA,NA,NA,NA,NA
"61","SP1","18/10/03","Albacete","Sociedad",3,1,"H",0,0,"D",3.25,3.25,2,3.6,3.3,1.91,3.2,3.1,2,3.2,3.2,2,3.25,3.25,2,3.4,3.1,2,3.2,3,2.1,2,1.71,2,1.72,1.89,1.91,0.5,1.85,2,0.5,1.85,2.05,0.5,NA,NA,NA,NA,NA,NA,NA
"62","SP1","18/10/03","Barcelona","La Coruna",0,2,"A",0,1,"A",2.37,3.2,2.62,2.3,3.15,2.85,2.3,3,2.7,2.375,3.2,2.6,2.25,3.25,2.75,2.3,3.2,2.7,2.3,3.2,2.62,1.6,2.15,1.72,2,2,1.8,-0.25,2.05,1.8,-0.25,2.1,1.8,-0.25,NA,NA,NA,NA,NA,NA,NA
"63","SP1","18/10/03","Celta","Real Madrid",0,2,"A",0,1,"A",3.5,3.25,1.9,4,3.25,1.83,3.5,3.1,1.9,3.75,3.2,1.833,3.75,3.25,1.83,3.75,3.25,1.85,3.75,3.2,1.83,1.75,1.95,1.72,2,1.97,1.83,0.5,2,1.85,0.5,1.95,1.95,0.5,NA,NA,NA,NA,NA,NA,NA
"64","SP1","19/10/03","Ath Bilbao","Villarreal",2,0,"H",0,0,"D",1.9,3.25,3.5,2,3.15,3.5,2,3,3.3,1.909,3.2,3.5,1.91,3.25,3.5,1.9,3.2,3.6,2,3.1,3.3,2,1.71,1.9,1.8,1.8,2,-0.25,1.75,2.1,-0.25,1.75,2.15,-0.25,NA,NA,NA,NA,NA,NA,NA
"65","SP1","19/10/03","Ath Madrid","Mallorca",2,1,"H",1,1,"D",2,3.25,3.25,2,3.25,3.4,1.85,3.1,3.6,1.8,3.25,3.75,2,3.25,3.25,2,3.2,3.3,1.83,3.2,3.75,1.85,1.85,1.83,1.83,1.97,1.83,-0.5,2,1.85,-0.5,2.05,1.85,-0.5,NA,NA,NA,NA,NA,NA,NA
"66","SP1","19/10/03","Osasuna","Murcia",2,1,"H",1,1,"D",1.72,3.25,4.33,1.7,3.3,4.75,1.65,3.2,4.6,1.727,3.2,4.333,1.67,3.25,5,1.66,3.25,4.75,1.72,3.1,4.5,1.95,1.75,2,1.72,1.9,1.9,-0.75,2,1.85,-0.75,2.05,1.85,-0.75,NA,NA,NA,NA,NA,NA,NA
"67","SP1","19/10/03","Santander","Malaga",4,2,"H",0,1,"A",2,3.25,3.25,2,3.15,3.5,2,3,3.3,2,3.2,3.2,2,3.25,3.25,2,3.2,3.3,2,3,3.4,1.85,1.85,2,1.72,1.8,2,-0.25,1.8,2.05,-0.25,1.775,2.125,-0.25,NA,NA,NA,NA,NA,NA,NA
"68","SP1","19/10/03","Sevilla","Betis",2,2,"D",0,0,"D",2.3,3,2.87,2.3,3.1,2.9,2.5,2.7,2.8,2.25,3,2.875,2.38,3,2.75,2.3,3,2.87,2.3,2.8,3,1.95,1.75,2,1.72,2,1.8,-0.25,2.05,1.8,-0.25,2.05,1.85,-0.25,NA,NA,NA,NA,NA,NA,NA
"69","SP1","19/10/03","Valencia","Espanol",4,0,"H",3,0,"H",1.3,4.33,9,1.31,4.5,9,1.3,4,8.5,1.2,5,11,1.25,5,8.5,1.28,4.5,8.5,1.28,4.33,8.5,1.65,2.05,1.8,1.9,1.95,1.85,-1.5,1.95,1.9,-1.5,2.1,1.8,-1.5,NA,NA,NA,NA,NA,NA,NA
"70","SP1","19/10/03","Zaragoza","Valladolid",1,0,"H",1,0,"H",2.1,3.25,3,2,3.25,3.4,2,3,3.3,2,3.2,3.2,2,3.25,3.25,2,3.1,3.4,2,3.1,3.3,2,1.71,2,1.72,1.8,2,-0.25,2,1.85,-0.5,2.075,1.825,-0.5,NA,NA,NA,NA,NA,NA,NA
"71","SP1","25/10/03","La Coruna","Valencia",2,1,"H",1,0,"H",2.2,3.1,3,2.2,3.1,3.1,2,3.1,3.2,2.2,3.2,2.8,2.2,3,3.1,2.2,3,3.1,2.1,3.1,3.1,1.85,1.74,2,1.72,1.95,1.85,-0.25,2.05,1.8,-0.25,2.05,1.85,-0.25,NA,NA,NA,NA,NA,NA,NA
"72","SP1","25/10/03","Malaga","Zaragoza",2,1,"H",2,0,"H",2,3.25,3.25,2,3.1,3.6,2,3,3.3,2,3,3.4,1.91,3.2,3.6,1.9,3.2,3.6,2,3,3.4,1.8,1.8,1.9,1.8,1.75,2.05,-0.25,2.05,1.8,-0.5,2.1,1.8,-0.5,NA,NA,NA,NA,NA,NA,NA
"73","SP1","25/10/03","Real Madrid","Santander",3,1,"H",1,1,"D",1.22,5,10,1.2,5.2,11,1.25,4.5,9,1.222,5,10,1.2,5.5,10,1.2,5.5,10,1.22,5,9.5,1.41,2.45,1.5,2.5,1.9,1.9,-1.75,1.9,1.95,-1.75,1.95,1.95,-1.75,NA,NA,NA,NA,NA,NA,NA
"74","SP1","26/10/03","Betis","Albacete",3,2,"H",2,1,"H",1.57,3.4,5.5,1.55,3.45,6.1,1.55,3.4,5,1.5,3.4,6,1.53,3.4,6,1.53,3.4,6,1.53,3.25,6,1.7,1.9,1.83,1.83,1.95,1.85,-1,2,1.85,-1,1.775,2.125,-0.75,NA,NA,NA,NA,NA,NA,NA
"75","SP1","26/10/03","Espanol","Celta",0,4,"A",0,1,"A",2.37,3.2,2.62,2.45,3.2,2.65,2.3,3,2.7,2.625,2.875,2.5,2.5,3,2.6,2.5,3,2.6,2.5,3.1,2.5,1.9,1.7,2,1.72,1.85,1.95,0,1.8,2.05,0,1.9,2,0,NA,NA,NA,NA,NA,NA,NA
"76","SP1","26/10/03","Mallorca","Barcelona",1,3,"A",0,2,"A",2.5,3.2,2.5,2.65,3.2,2.45,2.7,3,2.3,2.6,3.2,2.375,2.63,3.2,2.38,2.62,3.2,2.37,2.62,3.1,2.37,1.8,1.8,1.95,1.75,2,1.8,0,2.1,1.75,0,2.025,1.875,0,NA,NA,NA,NA,NA,NA,NA
"77","SP1","26/10/03","Murcia","Ath Madrid",1,3,"A",0,2,"A",2.3,3.2,2.7,2.4,3.25,2.65,2.4,2.9,2.7,2.2,3.2,2.8,2.38,3,2.75,2.37,3,2.75,2.3,3,2.8,1.9,1.7,2,1.72,1.8,2,0,1.8,2.05,0,1.775,2.125,0,NA,NA,NA,NA,NA,NA,NA
"78","SP1","26/10/03","Sociedad","Osasuna",1,0,"H",0,0,"D",1.72,3.25,4.33,1.75,3.35,4.5,1.8,3.1,3.8,1.727,3.2,4.333,1.7,3.25,4.5,1.7,3.25,4.5,1.72,3.1,4.5,1.8,1.8,1.83,1.83,2.05,1.75,-0.75,2.05,1.8,-0.75,2.1,1.8,-0.75,NA,NA,NA,NA,NA,NA,NA
"79","SP1","26/10/03","Valladolid","Ath Bilbao",2,0,"H",1,0,"H",2.3,3.2,2.7,2.4,3.25,2.7,2.3,3,2.7,2.5,3.2,2.5,2.3,3,2.88,2.3,3,2.87,2.3,3.1,2.75,1.9,1.7,1.9,1.8,2.05,1.75,-0.25,2.1,1.75,-0.25,1.8,2.1,0,NA,NA,NA,NA,NA,NA,NA
"80","SP1","26/10/03","Villarreal","Sevilla",3,3,"D",1,2,"A",2.1,3.25,3,2.2,3.05,3.15,2,2.9,3.4,2,3,3.4,2.1,3,3.25,2.1,3,3.25,2,3.1,3.3,1.95,1.66,2,1.72,1.9,1.9,-0.25,1.85,2,-0.25,1.85,2.05,-0.25,NA,NA,NA,NA,NA,NA,NA
"81","SP1","28/10/03","Zaragoza","Real Madrid",0,0,"D",0,0,"D",5,3.4,1.61,5.6,3.6,1.55,4.8,3.5,1.55,5,3.25,1.62,5.5,3.5,1.53,5.5,3.4,1.57,5.5,3.4,1.53,1.61,2,1.61,2.2,1.9,1.9,1,1.9,1.95,1,1.9,2,1,NA,NA,NA,NA,NA,NA,NA
"82","SP1","29/10/03","Albacete","Villarreal",2,0,"H",0,0,"D",2.5,3.2,2.5,2.5,3.15,2.6,2.5,3,2.5,2.5,3.2,2.5,2.5,3.2,2.5,2.5,3.2,2.5,2.37,3.1,2.62,1.85,1.79,1.83,1.83,1.85,1.95,0,1.85,2,0,1.85,2.05,0,NA,NA,NA,NA,NA,NA,NA
"83","SP1","29/10/03","Ath Bilbao","Malaga",2,1,"H",0,1,"A",1.66,3.4,4.5,1.7,3.3,4.7,1.75,3.2,4,1.67,3.25,4.5,1.67,3.5,4.5,1.67,3.25,4.75,1.66,3.1,5,1.75,1.86,1.8,1.9,1.95,1.85,-0.75,1.95,1.9,-0.75,2,1.9,-0.75,NA,NA,NA,NA,NA,NA,NA
"84","SP1","29/10/03","Barcelona","Murcia",3,0,"H",1,0,"H",1.36,4,7.5,1.35,4.2,8,1.25,4.5,9,1.44,3.75,6,1.36,4,7.5,1.36,4,7.5,1.33,4,8,1.66,1.96,1.72,2,1.9,1.9,-1.5,1.95,1.9,-1.5,2,1.9,-1.5,NA,NA,NA,NA,NA,NA,NA
"85","SP1","29/10/03","La Coruna","Mallorca",0,2,"A",0,0,"D",1.3,4.5,8,1.35,4.2,8,1.3,4.2,8,1.29,4.5,8,1.3,4.33,8.5,1.3,4.33,8.5,1.33,4,8,1.56,2.1,1.66,2.1,1.9,1.9,-1.5,1.9,1.95,-1.5,2.025,1.875,-1.5,NA,NA,NA,NA,NA,NA,NA
"86","SP1","29/10/03","Osasuna","Betis",2,0,"H",0,0,"D",2.2,3.25,2.8,2.2,3.1,3.05,2.3,2.8,2.9,2.1,3.2,3,2.2,3.1,3,2.2,3.1,3,2.2,3,3,1.9,1.71,1.83,1.83,1.95,1.85,-0.25,1.95,1.9,-0.25,2.05,1.85,-0.25,NA,NA,NA,NA,NA,NA,NA
"87","SP1","29/10/03","Santander","Espanol",0,1,"A",0,0,"D",1.66,3.4,4.5,1.65,3.3,5.1,1.7,3.2,4.2,1.62,3.25,5,1.67,3.5,4.5,1.67,3.25,4.75,1.66,3.1,5,1.7,1.9,1.9,1.8,1.8,2,-0.75,1.75,2.1,-0.75,1.8,2.1,-0.75,NA,NA,NA,NA,NA,NA,NA
"88","SP1","29/10/03","Sevilla","Valladolid",1,1,"D",1,0,"H",1.66,3.4,4.5,1.72,3.25,4.7,1.75,3.2,4,1.67,3.25,4.5,1.67,3.5,4.5,1.67,3.25,4.75,1.66,3.1,5,1.9,1.74,2,1.72,2,1.8,-0.75,1.95,1.9,-0.75,2.025,1.875,-0.75,NA,NA,NA,NA,NA,NA,NA
"89","SP1","29/10/03","Valencia","Celta",2,2,"D",1,0,"H",1.53,3.5,5.5,1.55,3.4,6,1.6,3.3,4.8,1.5,3.4,6,1.53,3.4,6,1.53,3.4,6,1.53,3.25,6,1.9,1.8,1.72,2,2,1.8,-1,2,1.85,-1,2.1,1.8,-1,NA,NA,NA,NA,NA,NA,NA
"90","SP1","30/10/03","Ath Madrid","Sociedad",4,0,"H",1,0,"H",2.3,3.2,2.7,2.3,3.2,2.8,2.4,2.9,2.7,2.38,3.2,2.6,2.38,3.2,2.62,2.38,3.2,2.62,2.3,3.1,2.75,1.91,1.7,1.9,1.8,1.75,2.05,0,1.75,2.1,0,1.85,2.05,0,NA,NA,NA,NA,NA,NA,NA
"91","SP1","01/11/03","Celta","Santander",0,1,"A",0,1,"A",1.61,3.4,5,1.75,3.25,4.5,1.75,3.2,4,1.67,3.25,4.5,1.67,3.25,4.75,1.67,3.25,4.75,1.61,3.3,5,1.85,1.74,1.83,1.83,2.22,1.65,-1,1.9,1.95,-0.75,2.05,1.85,-0.75,NA,NA,NA,NA,NA,NA,NA
"92","SP1","01/11/03","Murcia","La Coruna",0,0,"D",0,0,"D",4,3.25,1.8,4.25,3.25,1.8,4,3.2,1.75,4,3.2,1.8,4.33,3.25,1.73,4.33,3.25,1.73,4.2,3.25,1.72,1.74,1.85,1.83,1.83,1.7,2.15,0.75,1.95,1.9,0.5,1.95,1.95,0.5,NA,NA,NA,NA,NA,NA,NA
"93","SP1","01/11/03","Real Madrid","Ath Bilbao",3,0,"H",1,0,"H",1.28,4.5,9,1.28,4.75,9,1.27,4.3,8.5,1.29,4.5,8,1.25,4.6,10,1.25,4.6,10,1.25,4.5,10,1.46,2.3,1.57,2.25,1.9,1.9,-1.5,1.95,1.9,-1.5,2.025,1.875,-1.5,NA,NA,NA,NA,NA,NA,NA
"94","SP1","02/11/03","Betis","Ath Madrid",1,2,"A",1,1,"D",1.8,3.25,4,1.9,3.1,4,NA,NA,NA,1.8,3.25,3.75,1.85,3.2,3.75,1.85,3.2,3.75,1.9,3.1,3.6,1.83,1.83,1.83,1.83,1.9,1.9,-0.5,1.95,1.9,-0.5,1.9,2,-0.5,NA,NA,NA,NA,NA,NA,NA
"95","SP1","02/11/03","Espanol","Zaragoza",0,2,"A",0,2,"A",2.1,3.25,3,2.2,3.2,3,1.9,3.2,3.4,2.25,3.2,2.75,2.2,3.2,2.88,2.2,3.2,2.88,2.25,3.1,2.8,1.95,1.66,1.9,1.8,1.9,1.9,-0.25,1.85,2,-0.25,1.9,2,-0.25,NA,NA,NA,NA,NA,NA,NA
"96","SP1","02/11/03","Malaga","Sevilla",2,0,"H",2,0,"H",2.2,3.25,2.8,2.25,3.1,3,2.2,2.7,3.2,2.2,3.2,2.8,2.25,3.1,2.88,2.25,3.1,2.88,2.2,2.87,3.1,1.85,1.74,1.95,1.75,2,1.8,-0.25,1.9,1.95,-0.25,2,1.9,-0.25,NA,NA,NA,NA,NA,NA,NA
"97","SP1","02/11/03","Mallorca","Valencia",0,5,"A",0,3,"A",3,3.25,2.1,3.5,3.2,2,3.2,2.9,2.1,3.75,3.2,1.83,3.5,3,2,3.5,3,2,3.3,3.1,2,1.85,1.74,1.9,1.8,2.05,1.75,0.25,2.05,1.8,0.25,2,1.9,0.25,NA,NA,NA,NA,NA,NA,NA
"98","SP1","02/11/03","Sociedad","Barcelona",3,3,"D",0,1,"A",2.3,3.2,2.7,2.4,3.1,2.75,2.7,3,2.3,2.2,3.2,2.8,2.3,3.2,2.7,2.3,3.2,2.7,2.3,3.2,2.62,1.9,1.7,1.9,1.8,2.1,1.7,-0.25,1.8,2.05,0,1.9,2,0,NA,NA,NA,NA,NA,NA,NA
"99","SP1","02/11/03","Valladolid","Albacete",2,0,"H",1,0,"H",1.8,3.25,4,1.8,3.25,4.25,1.7,3.2,4.2,1.67,3.25,4.5,1.75,3.25,4.2,1.75,3.25,4.2,1.72,3.2,4.33,1.83,1.83,2,1.72,2.3,1.6,-1,2.1,1.75,-0.75,1.925,1.975,-0.5,NA,NA,NA,NA,NA,NA,NA
"100","SP1","02/11/03","Villarreal","Osasuna",1,0,"H",1,0,"H",2.1,3.25,3,2.1,3.1,3.3,2.1,2.7,3.5,2.1,3.2,3,2.1,3.1,3.2,2.1,3.1,3.2,2,3.1,3.3,1.95,1.66,2.05,1.7,1.85,1.95,-0.25,1.75,2.1,-0.25,1.8,2.1,-0.25,NA,NA,NA,NA,NA,NA,NA
"101","SP1","08/11/03","Ath Bilbao","Espanol",1,0,"H",1,0,"H",1.57,3.4,5.5,1.55,3.6,5.5,1.6,3.4,4.6,1.533,3.5,5.5,1.53,3.5,5.5,1.53,3.5,5.5,1.5,3.4,6,1.71,1.95,1.8,1.9,2,1.8,-1,1.95,1.9,-1,2.05,1.85,-1,NA,NA,NA,NA,NA,NA,NA
"102","SP1","08/11/03","La Coruna","Sociedad",2,1,"H",0,1,"A",1.66,3.4,4.5,1.65,3.5,4.85,1.7,3.2,4.2,1.615,3.25,5,1.67,3.4,4.5,1.61,3.4,5,1.57,3.3,5.5,1.65,2,1.8,1.9,1.8,2,-0.75,1.8,2.05,-0.5,1.925,1.975,-0.75,NA,NA,NA,NA,NA,NA,NA
"103","SP1","08/11/03","Zaragoza","Celta",1,1,"D",1,1,"D",2.25,3.25,2.75,2.28,3.15,2.88,2.5,3,2.5,2.25,3.2,2.75,2.25,3.25,2.75,2.3,3.1,2.8,2.37,3,2.7,1.95,1.71,2,1.72,2,1.8,-0.25,2.05,1.8,-0.25,2.05,1.85,-0.25,NA,NA,NA,NA,NA,NA,NA
"104","SP1","09/11/03","Albacete","Malaga",0,1,"A",0,0,"D",2.25,3.25,2.75,2.15,3.15,3.15,2.1,3,3.1,2,3.2,3.2,2.2,3.1,3,2.2,3.1,3,2.1,3.1,3.1,1.83,1.83,1.95,1.75,2,1.8,-0.25,2,1.85,-0.25,2.05,1.85,-0.25,NA,NA,NA,NA,NA,NA,NA
"105","SP1","09/11/03","Ath Madrid","Villarreal",1,0,"H",0,0,"D",1.72,3.25,4.33,1.8,3.2,4.25,1.75,3.2,4,1.727,3.2,4.333,1.8,3.25,4,1.8,3.25,4,1.72,3.25,4.2,1.75,1.9,1.8,1.9,1.8,2,-0.5,1.9,1.95,-0.5,1.95,1.95,-0.5,NA,NA,NA,NA,NA,NA,NA
"106","SP1","09/11/03","Barcelona","Betis",2,1,"H",1,0,"H",1.61,3.4,5,1.6,3.5,5.25,1.55,3.5,4.8,1.533,3.5,5.5,1.53,3.5,5.5,1.53,3.5,5.5,1.61,3.3,5,1.6,2.1,1.8,1.9,2,1.8,-1,2,1.85,-1,2.1,1.8,-1,NA,NA,NA,NA,NA,NA,NA
"107","SP1","09/11/03","Mallorca","Murcia",4,1,"H",3,1,"H",1.83,3.25,3.75,1.9,3.25,3.75,1.8,3.1,3.8,1.8,3.2,4,1.8,3.25,4,1.8,3.25,4,1.8,3.1,4,1.83,1.83,1.95,1.75,1.9,1.9,-0.5,1.9,1.95,-0.5,1.9,2,-0.5,NA,NA,NA,NA,NA,NA,NA
"108","SP1","09/11/03","Osasuna","Valladolid",1,1,"D",1,1,"D",1.8,3.25,4,1.8,3.25,4.2,1.75,3.2,4,1.727,3.2,4.333,1.8,3.25,4,1.8,3.25,4,1.66,3.3,4.5,1.9,1.75,2.05,1.7,1.8,2,-0.5,NA,NA,NA,1.9,2,-0.5,NA,NA,NA,NA,NA,NA,NA
"109","SP1","09/11/03","Sevilla","Real Madrid",4,1,"H",4,0,"H",5,3.4,1.61,4.45,3.4,1.72,4.4,3.3,1.65,4.5,3.25,1.667,4.5,3.4,1.67,4.5,3.4,1.66,4.33,3.2,1.72,1.71,1.95,1.75,1.95,1.9,1.9,0.75,1.95,1.9,0.75,2.025,1.875,0.75,NA,NA,NA,NA,NA,NA,NA
"110","SP1","09/11/03","Valencia","Santander",1,2,"A",1,1,"D",1.44,3.75,6.5,1.38,4,8,1.4,3.7,6.5,1.4,3.75,7,1.4,3.75,7.5,1.4,3.75,7.5,1.36,3.75,8,1.71,1.95,1.8,1.9,2,1.8,-1.25,1.95,1.9,-1.25,2.075,1.825,-1.25,NA,NA,NA,NA,NA,NA,NA
"111","SP1","22/11/03","Betis","La Coruna",0,0,"D",0,0,"D",2.62,3.2,2.37,2.75,3.2,2.4,2.7,3,2.3,2.6,3.2,2.38,2.7,3.1,2.38,2.7,3.1,2.38,2.7,3,2.37,1.85,1.74,1.95,1.85,1.95,1.85,0,2,1.85,0,2,1.9,0,NA,NA,NA,NA,NA,NA,NA
"112","SP1","22/11/03","Sociedad","Mallorca",0,1,"A",0,1,"A",1.72,3.25,4.33,1.75,3.3,4.5,1.7,3.2,4.2,1.62,3.25,5,1.73,3.25,4.33,1.73,3.25,4.33,1.72,3.2,4.33,1.7,1.9,1.85,1.95,2,1.8,-0.75,1.95,1.9,-0.75,1.95,1.95,-0.75,NA,NA,NA,NA,NA,NA,NA
"113","SP1","22/11/03","Villarreal","Barcelona",2,1,"H",1,0,"H",2.7,3.2,2.3,2.75,3.2,2.4,2.7,2.9,2.4,2.75,3.2,2.25,2.8,3.2,2.25,2.8,3.2,2.25,2.62,3.1,2.37,2,1.61,1.9,1.9,1.8,2,0.25,1.8,2.05,0.25,1.8,2.1,0.25,NA,NA,NA,NA,NA,NA,NA
"114","SP1","23/11/03","Celta","Ath Bilbao",0,2,"A",0,0,"D",2,3.25,3.25,2,3.2,3.5,1.9,3.1,3.5,1.8,3.2,4,2,3.2,3.3,2,3.2,3.3,1.9,3.2,3.5,2,1.61,1.95,1.85,2,1.8,-0.5,2.05,1.8,-0.5,2.1,1.8,-0.5,NA,NA,NA,NA,NA,NA,NA
"115","SP1","23/11/03","Espanol","Sevilla",1,0,"H",0,0,"D",2.5,3.2,2.5,2.52,3.25,2.52,2.5,3,2.5,2.6,3.2,2.38,2.6,3.1,2.5,2.6,3.1,2.5,2.5,3.1,2.5,1.85,1.74,2,1.8,1.9,1.9,0,1.9,1.95,0,1.9,2,0,NA,NA,NA,NA,NA,NA,NA
"116","SP1","23/11/03","Malaga","Osasuna",0,0,"D",0,0,"D",2,3.25,3.25,2,3.2,3.5,1.8,3.1,3.8,2.1,3,3.2,2,3.2,3.3,2,3.2,3.3,1.9,3.1,3.6,1.45,2.5,2.1,1.7,1.75,2.05,-2,1.9,1.95,-2.25,2,1.9,0,NA,NA,NA,NA,NA,NA,NA
"117","SP1","23/11/03","Murcia","Valencia",2,2,"D",1,1,"D",4,3.25,1.8,4.1,3.3,1.8,4,3.2,1.75,4.33,3.2,1.73,4.33,3.25,1.73,4.33,3.25,1.73,4,3.1,1.8,1.95,1.66,2.1,1.7,2,1.8,-0.5,2,1.85,-0.5,2.1,1.8,-0.5,NA,NA,NA,NA,NA,NA,NA
"118","SP1","23/11/03","Real Madrid","Albacete",2,1,"H",1,1,"D",1.14,6.5,12,1.15,6.25,17,1.15,6,12,1.14,6,13,1.14,6,13,1.14,6,13,1.12,6,15,1.74,1.85,1.53,2.4,2,1.8,0.5,2.05,1.8,0.5,2,1.9,0.5,NA,NA,NA,NA,NA,NA,NA
"119","SP1","23/11/03","Santander","Zaragoza",1,2,"A",1,1,"D",1.72,3.25,4.33,1.8,3.3,4.1,1.8,3.1,3.8,1.8,3.2,4,1.8,3.25,4,1.8,3.25,4,1.8,3.25,3.8,2,1.61,2,1.8,1.8,2,-0.5,1.9,1.95,-0.5,1.85,2.05,-0.5,NA,NA,NA,NA,NA,NA,NA
"120","SP1","23/11/03","Valladolid","Ath Madrid",3,1,"H",2,1,"H",2.37,3.2,2.62,2.45,3.25,2.6,2.4,3,2.6,2.38,3.2,2.6,2.4,3.2,2.6,2.4,3.2,2.6,2.37,3.1,2.62,1.9,1.7,2,1.8,1.8,2,0,2.1,1.75,-0.25,2.1,1.8,-0.25,NA,NA,NA,NA,NA,NA,NA
"121","SP1","29/11/03","Ath Madrid","Malaga",2,0,"H",1,0,"H",1.72,3.25,4.33,1.72,3.35,4.5,1.65,3.2,4.6,1.67,3.25,4.5,1.73,3.25,4.33,1.73,3.25,4.33,1.66,3.3,4.5,1.71,1.95,1.95,1.85,1.95,1.85,-0.75,1.95,1.9,0.5,1.8,2.1,-0.5,NA,NA,NA,NA,NA,NA,NA
"122","SP1","29/11/03","Murcia","Sociedad",2,2,"D",0,1,"A",2.5,3.2,2.5,2.65,3,2.55,2.7,2.9,2.4,2.6,3.2,2.38,2.62,3.2,2.38,2.7,3.1,2.38,2.5,3.1,2.5,1.83,1.83,2,1.8,1.95,1.85,0,1.95,1.9,0,2.05,1.85,0,NA,NA,NA,NA,NA,NA,NA
"123","SP1","29/11/03","Osasuna","Real Madrid",1,1,"D",1,0,"H",3.75,3.25,1.83,4,3.3,1.8,3.5,3.1,1.9,3.75,3.25,1.8,4.33,3.4,1.67,4.2,3.3,1.75,3.75,3.2,1.83,1.65,2,1.85,1.95,2,1.8,0.5,2,1.85,0.5,2,1.9,0.5,NA,NA,NA,NA,NA,NA,NA
"124","SP1","29/11/03","Valencia","Zaragoza",3,2,"H",3,0,"H",1.4,3.75,7.5,1.44,3.75,7.5,1.4,3.9,6,1.44,3.6,6.5,1.4,3.75,7.5,1.4,3.75,7.5,1.4,3.6,7.5,1.71,1.95,1.85,1.95,2.05,1.75,-1.25,1.8,2.05,-1,1.8,2.1,-1,NA,NA,NA,NA,NA,NA,NA
"125","SP1","30/11/03","Albacete","Espanol",2,1,"H",1,1,"D",2.2,3.25,2.8,2.1,3.2,3.2,2,3.1,3.2,1.91,3.2,3.5,2.1,3.25,3,2.1,3.25,3,2,3.1,3.3,1.9,1.75,2.05,1.75,1.8,2,-0.25,1.85,2,-0.25,1.925,1.975,-0.25,NA,NA,NA,NA,NA,NA,NA
"126","SP1","30/11/03","Ath Bilbao","Santander",1,2,"A",1,1,"D",1.8,3.25,4,1.9,3.25,3.8,1.75,3.2,4,1.73,3.2,4.33,1.83,3.25,3.75,1.83,3.25,3.8,1.8,3.1,4,1.71,1.95,1.95,1.85,1.9,1.9,-0.5,1.9,1.95,-0.5,1.9,2,-0.5,NA,NA,NA,NA,NA,NA,NA
"127","SP1","30/11/03","Barcelona","Valladolid",0,0,"D",0,0,"D",1.5,3.5,6,1.5,3.65,6.2,1.45,3.6,5.8,1.44,3.6,6.5,1.44,3.5,7,1.44,3.6,7,1.44,3.6,6.5,1.6,2.1,1.8,2,1.8,2,-1,1.85,2,-1,1.95,1.95,-1,NA,NA,NA,NA,NA,NA,NA
"128","SP1","30/11/03","La Coruna","Villarreal",0,1,"A",0,0,"D",1.44,3.75,6.5,1.48,3.85,6,1.4,3.9,6,1.44,3.6,6.5,1.4,3.75,7.5,1.4,3.75,7.5,1.4,3.75,7,1.83,1.83,1.8,2,1.9,1.9,-1,1.9,1.95,-1,1.9,2,-1,NA,NA,NA,NA,NA,NA,NA
"129","SP1","30/11/03","Mallorca","Betis",2,1,"H",1,1,"D",2,3.25,3.25,2.1,3.2,3.3,2.1,3,3.1,2,3.2,3.2,2.1,3.2,3.1,2.1,3.2,3.1,2.1,3.2,3,1.71,1.95,1.95,1.85,1.95,1.85,-0.25,1.9,1.95,-0.25,1.875,2.025,-0.25,NA,NA,NA,NA,NA,NA,NA
"130","SP1","30/11/03","Sevilla","Celta",0,1,"A",0,1,"A",2.1,3,3.25,2.1,3.1,3.35,2.2,2.8,3.1,2,3.2,3.2,2.1,3,3.25,2.1,3,3.25,2.1,3,3.2,1.9,1.75,2.05,1.75,1.8,2,-0.25,1.85,2,-0.25,1.9,2,-0.25,NA,NA,NA,NA,NA,NA,NA
"131","SP1","02/12/03","Sociedad","Valencia",0,0,"D",0,0,"D",2.5,3.25,2.4,2.7,3.1,2.5,2.7,2.8,2.5,2.5,3.2,2.5,2.62,3.2,2.38,2.62,3.2,2.38,2.75,3.1,2.3,1.85,1.85,NA,NA,1.9,1.9,0,2.05,1.8,0,2.05,1.85,0,NA,NA,NA,NA,NA,NA,NA
"132","SP1","03/12/03","Betis","Murcia",1,1,"D",0,0,"D",1.61,3.5,4.5,1.65,3.4,5.2,1.6,3.3,4.8,1.57,3.5,5,1.67,3.4,4.5,1.67,3.4,4.5,1.57,3.5,5,1.79,1.9,NA,NA,2.1,1.7,-1,2.1,1.75,-1,1.85,2.05,-0.75,NA,NA,NA,NA,NA,NA,NA
"133","SP1","03/12/03","Celta","Albacete",2,2,"D",1,1,"D",1.61,3.5,4.5,1.65,3.4,5.2,1.7,3.2,4.2,1.62,3.25,5,1.62,3.4,5,1.62,3.4,5,1.57,3.3,5.5,1.85,1.85,NA,NA,1.85,1.95,-0.75,1.8,2.05,-0.75,1.825,2.075,-0.75,NA,NA,NA,NA,NA,NA,NA
"134","SP1","03/12/03","Espanol","Osasuna",0,1,"A",0,0,"D",2.37,3.1,2.62,2.65,3.1,2.55,2.5,3,2.5,2.62,2.88,2.5,2.5,3.2,2.5,2.5,3.2,2.5,2.4,3.1,2.6,1.95,1.75,NA,NA,1.9,1.9,0,2,1.85,0,1.9,2,0,NA,NA,NA,NA,NA,NA,NA
"135","SP1","03/12/03","Malaga","Barcelona",5,1,"H",2,0,"H",2.5,3.1,2.5,2.8,3.2,2.38,2.7,3,2.3,2.6,3.2,2.38,2.7,3.2,2.3,2.7,3.2,2.3,2.8,3.1,2.25,1.9,1.79,NA,NA,2,1.8,0,2.05,1.8,0,2.025,1.875,0,NA,NA,NA,NA,NA,NA,NA
"136","SP1","03/12/03","Real Madrid","Ath Madrid",2,0,"H",2,0,"H",1.44,3.75,6,1.5,3.7,6.5,1.55,3.5,4.8,1.4,3.75,7,1.44,3.75,6.5,1.44,3.75,6.5,1.44,3.6,6.5,1.55,2.25,NA,NA,1.85,1.95,-1,2.05,1.8,-1.25,1.85,2.05,-1,NA,NA,NA,NA,NA,NA,NA
"137","SP1","03/12/03","Valladolid","La Coruna",1,1,"D",0,0,"D",2.5,3.1,2.5,2.7,3.2,2.45,2.5,3,2.5,2.6,3.2,2.38,2.62,3.2,2.38,2.62,3.2,2.38,2.62,3.1,2.37,1.9,1.79,NA,NA,1.95,1.85,0,2,1.85,0,2,1.9,0,NA,NA,NA,NA,NA,NA,NA
"138","SP1","03/12/03","Villarreal","Mallorca",0,2,"A",0,0,"D",1.83,3.2,3.75,1.95,3.2,3.75,1.85,3.1,3.6,1.91,3.2,3.5,1.91,3.2,3.6,1.91,3.2,3.6,1.83,3.2,3.75,1.85,1.85,NA,NA,1.95,1.85,-0.5,1.95,1.9,-0.5,2.05,1.85,-0.5,NA,NA,NA,NA,NA,NA,NA
"139","SP1","04/12/03","Santander","Sevilla",0,4,"A",0,3,"A",1.9,3.25,3.4,2.05,3.15,3.5,2,3,3.3,2,3.2,3.2,2,3.1,3.4,2,3.1,3.4,1.9,3.2,3.5,1.9,1.79,2,1.8,2,1.8,-0.5,2.05,1.8,-0.5,2.05,1.85,-0.5,NA,NA,NA,NA,NA,NA,NA
"140","SP1","04/12/03","Zaragoza","Ath Bilbao",2,2,"D",1,2,"A",2.25,3.2,2.75,2.25,3.1,3.1,2.3,2.9,2.8,2.1,3.2,3,2.2,3.2,2.88,2.2,3.2,2.88,2.3,3.1,2.75,1.95,1.75,2.05,1.75,2,1.8,-0.25,1.95,1.9,-0.25,2.05,1.85,-0.25,NA,NA,NA,NA,NA,NA,NA
"141","SP1","06/12/03","Barcelona","Real Madrid",1,2,"A",0,1,"A",2.75,3.25,2.25,2.8,3.25,2.3,2.7,2.9,2.4,2.6,3.2,2.375,2.8,3.2,2.25,2.8,3.2,2.25,2.8,3.1,2.25,1.7,1.9,1.9,1.9,1.8,2,0.25,1.9,1.95,0.25,1.9,2,0.25,NA,NA,NA,NA,NA,NA,NA
"142","SP1","06/12/03","La Coruna","Malaga",1,0,"H",0,0,"D",1.5,3.5,6,1.43,3.65,7.75,1.45,3.6,5.8,1.444,3.6,6.5,1.44,3.75,6.5,1.44,3.75,6.5,1.44,3.5,7,1.83,1.83,1.8,2,1.85,1.95,-1,2.05,1.75,-1,1.925,1.975,-1,NA,NA,NA,NA,NA,NA,NA
"143","SP1","06/12/03","Osasuna","Celta",3,2,"H",1,1,"D",1.9,3.25,3.5,2.06,3.3,3.2,2,3.1,3.2,2.1,3.2,3,2,3.2,3.3,2,3.2,3.3,2,3.1,3.3,1.95,1.66,2,1.8,1.8,2,-0.25,1.9,1.95,-0.25,1.85,2.05,-0.25,NA,NA,NA,NA,NA,NA,NA
"144","SP1","06/12/03","Sociedad","Betis",0,4,"A",0,2,"A",1.9,3.25,3.5,1.82,3.3,4,1.9,3.1,3.5,1.8,3.2,4,1.85,3.2,3.75,1.85,3.2,3.75,1.83,3,4,1.85,1.74,1.95,1.85,1.82,1.97,-0.5,NA,NA,NA,2.025,1.875,-0.5,NA,NA,NA,NA,NA,NA,NA
"145","SP1","07/12/03","Albacete","Santander",4,0,"H",1,0,"H",2.4,3.2,2.6,2.55,3.25,2.48,2.5,3,2.5,2.6,3.2,2.375,2.4,3.2,2.6,2.4,3.2,2.6,2.5,3.1,2.5,1.83,1.83,2,1.8,1.85,1.95,0,1.85,2,0,1.85,2.05,0,NA,NA,NA,NA,NA,NA,NA
"146","SP1","07/12/03","Ath Madrid","Espanol",2,0,"H",1,0,"H",1.44,3.75,6.5,1.5,3.5,6.65,1.45,3.6,5.8,1.533,3.5,5.5,1.5,3.5,6,1.5,3.5,6,1.4,3.75,7,1.75,1.9,1.85,1.95,1.85,1.95,-1,1.85,2,-0.75,1.825,2.075,-1,NA,NA,NA,NA,NA,NA,NA
"147","SP1","07/12/03","Mallorca","Valladolid",1,0,"H",1,0,"H",1.83,3.25,3.75,1.92,3.2,3.7,1.9,3.1,3.5,2.1,3,3.2,1.91,3.2,3.6,1.9,3.2,3.6,1.9,3.1,3.6,1.85,1.74,1.95,1.85,1.92,1.88,-0.5,2.1,1.75,-0.5,2.05,1.85,-0.5,NA,NA,NA,NA,NA,NA,NA
"148","SP1","07/12/03","Murcia","Villarreal",1,1,"D",1,0,"H",2.5,3.2,2.5,2.6,3.25,2.4,2.6,2.8,2.6,2.75,3.2,2.25,2.6,3.2,2.4,2.6,3.2,2.4,2.6,3.1,2.4,1.85,1.74,2.05,1.75,1.95,1.85,0,NA,NA,NA,1.925,1.975,0,NA,NA,NA,NA,NA,NA,NA
"149","SP1","07/12/03","Sevilla","Zaragoza",3,2,"H",1,2,"A",1.9,3.25,3.4,1.91,3.3,3.62,1.85,2.9,4,2,3.2,3.2,2,3.2,3.3,2,3.2,3.3,1.83,3.2,3.75,1.85,1.74,1.95,1.85,1.91,1.89,-0.5,1.85,2,-0.5,2.075,1.825,-0.5,NA,NA,NA,NA,NA,NA,NA
"150","SP1","07/12/03","Valencia","Ath Bilbao",2,1,"H",1,0,"H",1.5,3.4,6,1.56,3.4,5.95,1.5,3.5,5.4,1.571,3.25,5.5,1.53,3.6,5.5,1.53,3.6,5.5,1.53,3.4,5.5,1.83,1.83,1.9,1.9,2,1.8,-1,2.05,1.8,-1,2.05,1.85,-1,NA,NA,NA,NA,NA,NA,NA
"151","SP1","13/12/03","Celta","Ath Madrid",2,2,"D",2,1,"H",2.25,3.25,2.75,2.4,3.2,2.7,2.3,3,2.7,2.2,3.2,2.8,2.3,3.1,2.8,2.3,3.1,2.8,2.3,3.1,2.75,1.95,1.75,1.95,1.85,2,1.8,-0.25,2,1.85,-0.25,2.1,1.8,-0.25,NA,NA,NA,NA,NA,NA,NA
"152","SP1","13/12/03","Espanol","Barcelona",1,3,"A",1,3,"A",3,3.25,2.1,3.5,3.2,2,3.5,3.1,1.9,3,3.2,2.1,3.5,3.25,1.91,3.5,3.25,1.9,3.2,3.2,2,1.85,1.85,1.95,1.85,1.8,2,0.5,1.9,1.95,0.5,1.8,2.1,0.5,NA,NA,NA,NA,NA,NA,NA
"153","SP1","13/12/03","Villarreal","Sociedad",2,0,"H",2,0,"H",1.909,3.25,3.5,2,3.2,3.5,2,3,3.3,2,3.2,3.2,2.05,3.2,3.2,2.05,3.2,3.2,1.9,3.1,3.6,1.95,1.75,2,1.8,1.8,2,-0.25,1.85,2,-0.25,1.875,2.025,-0.25,NA,NA,NA,NA,NA,NA,NA
"154","SP1","14/12/03","Ath Bilbao","Sevilla",2,1,"H",2,1,"H",1.909,3.25,3.5,2,3.2,3.5,2,2.9,3.4,1.909,3.2,3.5,1.91,3.2,3.6,1.9,3.2,3.6,1.9,3.1,3.6,1.9,1.79,1.95,1.85,1.8,2,-0.25,1.85,2,-0.25,1.85,2.05,-0.25,NA,NA,NA,NA,NA,NA,NA
"155","SP1","14/12/03","Betis","Valencia",0,1,"A",0,1,"A",2.7,3.2,2.3,2.65,3.2,2.45,2.5,3,2.5,2.6,3.2,2.375,2.7,3.1,2.38,2.7,3.1,2.37,2.75,3.1,2.3,2,1.71,2,1.8,2,1.8,0,2.05,1.8,0,2.1,1.8,0,NA,NA,NA,NA,NA,NA,NA
"156","SP1","14/12/03","Malaga","Mallorca",3,1,"H",1,1,"D",2.2,3.25,2.8,2.25,3.15,3,2.2,3,2.9,2.2,3.2,2.8,2.2,3.2,2.88,2.2,3.2,2.87,2.2,3.1,2.87,2,1.71,2.05,1.75,2,1.8,-0.25,1.95,1.9,-0.25,2.1,1.8,-0.25,NA,NA,NA,NA,NA,NA,NA
"157","SP1","14/12/03","Real Madrid","La Coruna",2,1,"H",1,0,"H",1.571,3.4,5.5,1.63,3.4,5.25,1.55,3.5,4.8,1.571,3.5,5,1.57,3.4,5.5,1.57,3.4,5.5,1.57,3.5,5,1.71,2,1.7,2.1,1.77,2.05,-0.75,2,1.85,-1,2.1,1.8,-1,NA,NA,NA,NA,NA,NA,NA
"158","SP1","14/12/03","Santander","Osasuna",0,0,"D",0,0,"D",2.3,3.2,2.7,2.35,3.1,2.85,2.3,3,2.7,2.25,3.2,2.75,2.25,3.2,2.8,2.25,3.2,2.8,2.25,3.1,2.8,2.05,1.65,2.05,1.75,2.05,1.77,-0.25,1.8,2.05,0,2.125,1.775,-0.25,NA,NA,NA,NA,NA,NA,NA
"159","SP1","14/12/03","Valladolid","Murcia",0,0,"D",0,0,"D",1.615,3.4,5,1.7,3.35,4.75,1.65,3.2,4.6,1.615,3.25,5,1.62,3.4,5,1.61,3.4,5,1.61,3.3,5,2,1.71,1.95,1.85,2,1.8,-0.75,1.95,1.9,-0.75,2.05,1.85,-0.75,NA,NA,NA,NA,NA,NA,NA
"160","SP1","14/12/03","Zaragoza","Albacete",0,1,"A",0,0,"D",1.833,3.25,3.75,1.85,3.25,4,1.85,3,3.8,1.727,3.2,4.333,1.75,3.2,4.33,1.75,3.2,4.33,1.8,3.1,4,2,1.71,2.05,1.75,1.85,1.95,-0.5,1.95,1.9,-0.5,2,1.9,-0.5,NA,NA,NA,NA,NA,NA,NA
"161","SP1","20/12/03","Ath Madrid","Santander",2,2,"D",0,0,"D",1.667,3.4,4.5,1.66,3.4,5,1.7,3.2,4.2,1.667,3.25,4.5,1.62,3.4,5,1.61,3.4,5,1.57,3.5,5,1.85,1.85,1.9,1.9,1.95,1.9,-0.75,1.95,1.9,-0.75,2,1.9,-0.75,NA,NA,NA,NA,NA,NA,NA
"162","SP1","20/12/03","Sociedad","Valladolid",1,3,"A",1,1,"D",1.909,3.25,3.5,1.95,3.2,3.7,1.8,3.1,3.8,1.833,3.2,3.75,1.91,3.2,3.6,1.9,3.2,3.6,1.9,3,3.75,1.9,1.79,2,1.8,2,1.85,-0.5,1.95,1.9,-0.5,2.025,1.875,-0.5,NA,NA,NA,NA,NA,NA,NA
"163","SP1","20/12/03","Valencia","Sevilla",1,0,"H",0,0,"D",1.444,3.75,6.5,1.5,3.6,6.5,1.45,3.6,5.8,1.5,3.4,6,1.44,3.75,6.5,1.44,3.75,6.5,1.4,3.75,7,1.75,1.95,1.95,1.85,2,1.85,-1,1.9,1.95,-1,2.05,1.85,-1,NA,NA,NA,NA,NA,NA,NA
"164","SP1","21/12/03","Albacete","Ath Bilbao",1,1,"D",1,1,"D",2.3,3.2,2.7,2.35,3.2,2.8,2.3,3,2.7,2.25,3.2,2.75,2.25,3.2,2.8,2.25,3.2,2.8,2.25,3.1,2.8,1.85,1.85,1.95,1.85,2.05,1.8,-0.25,2.05,1.8,-0.25,2.1,1.8,-0.25,NA,NA,NA,NA,NA,NA,NA
"165","SP1","21/12/03","Barcelona","Celta",1,1,"D",0,1,"A",1.667,3.4,4.5,1.66,3.4,5,1.65,3.3,4.4,1.571,3.5,5,1.62,3.4,5,1.61,3.4,5,1.66,3.3,4.5,1.79,1.9,1.85,1.95,1.95,1.9,-0.75,1.9,1.95,-0.75,1.9,2,-0.75,NA,NA,NA,NA,NA,NA,NA
"166","SP1","21/12/03","Betis","Villarreal",1,3,"A",0,0,"D",2.2,3.25,2.8,2.2,3.2,3,2,2.9,3.4,2.2,3.2,2.8,2.2,3.1,3,2.2,3.1,3,2.25,3,2.87,1.9,1.79,2.05,1.75,1.95,1.9,-0.25,1.95,1.9,-0.25,1.975,1.925,-0.25,NA,NA,NA,NA,NA,NA,NA
"167","SP1","21/12/03","La Coruna","Espanol",2,1,"H",1,1,"D",1.286,4.5,9,1.28,4.85,9,1.25,4.3,9.5,1.286,4.333,9,1.25,5,9,1.25,5,9,1.2,5,11,1.71,2,1.8,2,1.95,1.9,-1.75,1.95,1.9,-1.75,1.875,2.025,-1.5,NA,NA,NA,NA,NA,NA,NA
"168","SP1","21/12/03","Mallorca","Real Madrid",1,3,"A",1,1,"D",4,3.25,1.8,4.1,3.3,1.8,3.8,3,1.85,4,3.2,1.8,4,3.25,1.8,4,3.25,1.8,3.4,3.25,1.9,1.65,2.05,1.85,1.95,1.85,2,0.75,1.85,2,0.75,2.05,1.85,0.5,NA,NA,NA,NA,NA,NA,NA
"169","SP1","21/12/03","Murcia","Malaga",1,2,"A",1,1,"D",2.375,3,2.75,2.38,3,2.9,2.3,2.7,3,2.25,3.2,2.75,2.5,3,2.62,2.5,3,2.62,2.37,3,2.7,1.9,1.79,2.05,1.75,2.1,1.75,-0.25,2,1.85,-0.25,2.1,1.8,-0.25,NA,NA,NA,NA,NA,NA,NA
"170","SP1","21/12/03","Osasuna","Zaragoza",0,1,"A",0,1,"A",1.667,3.4,4.5,1.7,3.35,4.75,1.7,3.1,4.4,1.667,3.25,4.5,1.7,3.4,4.33,1.7,3.4,4.33,1.61,3.3,5,1.9,1.79,1.9,1.9,2,1.85,-0.75,2.05,1.8,-0.75,2,1.9,-0.75,NA,NA,NA,NA,NA,NA,NA
"171","SP1","03/01/04","Celta","La Coruna",0,5,"A",0,2,"A",2.6,3.2,2.4,2.65,3.1,2.5,2.5,3,2.5,2.75,3,2.375,2.62,3.2,2.38,2.62,3.2,2.37,2.62,3.1,2.37,1.9,1.79,2,1.8,1.95,1.9,0,2,1.85,0,1.975,1.925,0,NA,NA,NA,NA,NA,NA,NA
"172","SP1","03/01/04","Real Madrid","Murcia",1,0,"H",1,0,"H",1.167,5.5,13,1.17,6,13,1.15,6,12,1.167,5.5,12,1.14,6,13,1.14,6,13,1.14,6,12,1.45,2.5,1.5,2.5,1.8,2.05,-1.75,1.7,2.15,-1.75,2.05,1.85,-2,NA,NA,NA,NA,NA,NA,NA
"173","SP1","03/01/04","Zaragoza","Ath Madrid",0,0,"D",0,0,"D",2.375,3.2,2.625,2.4,3.1,2.75,2.4,2.9,2.7,2.25,3.2,2.75,2.3,3.1,2.8,2.3,3.1,2.8,2.4,3.1,2.6,1.85,1.85,1.95,1.85,1.75,2.1,0,2.05,1.8,-0.25,2.025,1.825,-0.25,NA,NA,NA,NA,NA,NA,NA
"174","SP1","04/01/04","Ath Bilbao","Osasuna",1,1,"D",1,1,"D",2,3.25,3.25,2,3.2,3.5,2.2,2.9,3,1.909,3.2,3.5,2,3.1,3.4,2,3.1,3.4,2,3.1,3.3,2,1.71,2.15,1.66,1.85,2,-0.25,1.85,2,-0.25,2.05,1.85,-0.5,NA,NA,NA,NA,NA,NA,NA
"175","SP1","04/01/04","Espanol","Mallorca",2,0,"H",1,0,"H",2.6,3.2,2.4,2.65,3.1,2.5,2.5,3,2.5,2.6,3.2,2.375,2.62,3.2,2.38,2.62,3.2,2.37,2.5,3.1,2.5,1.79,1.9,2,1.8,1.9,1.95,0,1.9,1.95,0,1.925,1.975,0,NA,NA,NA,NA,NA,NA,NA
"176","SP1","04/01/04","Malaga","Sociedad",1,2,"A",1,2,"A",1.909,3.2,3.6,2,3.2,3.5,2,3.1,3.2,1.833,3.2,3.75,1.91,3.2,3.6,1.9,3.2,3.6,1.9,3.2,3.5,1.85,1.85,1.95,1.85,1.8,2.05,-0.25,1.8,2.05,-0.25,2.05,1.85,-0.5,NA,NA,NA,NA,NA,NA,NA
"177","SP1","04/01/04","Santander","Barcelona",3,0,"H",0,0,"D",2.625,3.2,2.375,2.9,3.1,2.3,2.9,3,2.2,2.75,3.2,2.25,2.8,3.1,2.3,2.8,3.1,2.3,2.62,3.2,2.3,1.75,1.95,1.85,1.95,1.8,2.05,0.25,1.85,2,0.25,1.8,2.1,0.25,NA,NA,NA,NA,NA,NA,NA
"178","SP1","04/01/04","Sevilla","Albacete",2,0,"H",1,0,"H",1.727,3.25,4.333,1.75,3.4,4.25,1.8,3,4,1.727,3.2,4.333,1.8,3.2,4,1.8,3.2,4,1.72,3.1,4.5,1.9,1.79,1.95,1.85,2,1.85,-0.75,1.95,1.9,-0.75,1.85,2.05,-0.5,NA,NA,NA,NA,NA,NA,NA
"179","SP1","04/01/04","Valencia","Villarreal",4,2,"H",0,1,"A",1.533,3.4,6,1.6,3.45,5.5,1.6,3.3,4.8,1.571,3.25,5.5,1.53,3.4,6,1.53,3.4,6,1.53,3.25,6,1.9,1.79,1.95,1.85,2.05,1.8,-1,2.05,1.8,-1,1.8,2.1,-0.75,NA,NA,NA,NA,NA,NA,NA
"180","SP1","04/01/04","Valladolid","Betis",0,0,"D",0,0,"D",2,3.1,3.4,2.1,3.1,3.35,2,3,3.3,2.1,3.2,3,2,3.1,3.4,2.1,3.1,3.2,2,3.1,3.3,1.9,1.79,1.95,1.85,2,1.85,-0.25,2,1.85,-0.25,2.15,1.75,-0.25,NA,NA,NA,NA,NA,NA,NA
"181","SP1","10/01/04","Albacete","Valencia",0,1,"A",0,1,"A",3.75,3.25,1.83,4,3.25,1.85,3.6,3.1,1.85,3.5,3.2,1.91,3.6,3.2,1.91,3.6,3.2,1.91,3.75,3.2,1.83,1.85,1.85,2,1.8,2,1.85,0.5,1.95,1.9,0.5,1.975,1.925,0.5,NA,NA,NA,NA,NA,NA,NA
"182","SP1","10/01/04","Mallorca","Celta",2,4,"A",1,1,"D",2,3.25,3.25,2.1,3.2,3.2,2.1,3,3.1,2,3.2,3.2,2,3.25,3.3,2,3.1,3.3,1.9,3.2,3.5,1.95,1.75,2,1.8,1.95,1.9,-0.25,1.95,1.9,-0.25,1.9,2,-0.25,NA,NA,NA,NA,NA,NA,NA
"183","SP1","10/01/04","Sociedad","Real Madrid",1,0,"H",0,0,"D",4.33,3.4,1.8,4,3.25,1.85,3.5,3.1,1.9,4,3.2,1.8,4.33,3.25,1.73,4,3.25,1.8,4.33,3.2,1.72,1.71,2,1.85,1.95,2,1.85,0.5,2,1.85,0.5,2.075,1.825,0.5,NA,NA,NA,NA,NA,NA,NA
"184","SP1","11/01/04","Ath Madrid","Ath Bilbao",3,0,"H",0,0,"D",1.9,3.25,4,1.9,3.15,4,1.8,3.1,3.8,1.8,3.2,4,1.83,3.2,3.75,1.85,3.2,3.75,1.8,3.1,4,1.85,1.85,1.9,1.9,1.95,1.9,-0.5,2.05,1.8,-0.5,2.05,1.85,-0.5,NA,NA,NA,NA,NA,NA,NA
"185","SP1","11/01/04","Barcelona","Zaragoza",3,0,"H",2,0,"H",1.61,3.4,5,1.61,3.4,5.4,1.45,3.8,5.4,1.62,3.25,5,1.57,3.6,5,1.57,3.6,5,1.57,3.5,5,1.75,1.95,1.9,1.9,2.05,1.8,-1,2.1,1.75,-1,2.125,1.775,-1,NA,NA,NA,NA,NA,NA,NA
"186","SP1","11/01/04","Betis","Malaga",3,0,"H",1,0,"H",2.1,3.25,3,2.15,3.1,3.25,1.85,3,3.8,2.1,3.2,3,2.2,3.1,3,2.2,3.1,3,2,3.1,3.3,1.95,1.75,2.05,1.75,1.75,2.1,-0.25,1.75,2.1,-0.25,1.8,2.1,-0.25,NA,NA,NA,NA,NA,NA,NA
"187","SP1","11/01/04","La Coruna","Santander",1,1,"D",1,0,"H",1.4,3.75,7.5,1.45,3.75,7,1.45,3.8,5.4,1.44,3.6,6.5,1.44,3.75,6.5,1.44,3.75,6.5,1.44,3.6,6.5,1.71,2,1.8,2,1.95,1.9,-1,1.95,1.9,-1,1.95,1.95,-1,NA,NA,NA,NA,NA,NA,NA
"188","SP1","11/01/04","Murcia","Espanol",0,1,"A",0,1,"A",2.1,3.25,3,2.2,3.1,3.1,2.2,3,2.9,1.91,3.2,3.5,2.2,3.1,3,2.2,3.1,3,2.1,3,3.2,1.9,1.79,2,1.8,1.95,1.9,-0.25,1.9,1.95,-0.25,1.925,1.975,-0.25,NA,NA,NA,NA,NA,NA,NA
"189","SP1","11/01/04","Osasuna","Sevilla",1,1,"D",0,0,"D",1.9,3.2,3.6,1.95,3.1,3.75,1.85,3.1,3.6,1.91,3.2,3.5,1.83,3.2,3.75,1.85,3.2,3.75,1.9,3.1,3.6,2.1,1.65,2.1,1.7,2.05,1.8,-0.5,2.05,1.8,-0.5,2.1,1.8,-0.5,NA,NA,NA,NA,NA,NA,NA
"190","SP1","11/01/04","Villarreal","Valladolid",3,1,"H",1,0,"H",1.8,3.25,4,1.85,3.1,4.25,1.85,3,3.8,1.8,3.2,4,1.83,3.1,4,1.85,3.1,4,1.83,3,4,2.1,1.65,2.05,1.75,1.9,1.95,-0.5,1.95,1.9,-0.5,1.95,1.95,-0.5,NA,NA,NA,NA,NA,NA,NA
"191","SP1","17/01/04","Barcelona","Ath Bilbao",1,1,"D",0,0,"D",1.66,3.4,5.5,1.61,3.5,5.2,1.6,3.4,4.6,1.62,3.25,5,1.62,3.4,5,1.62,3.4,5,1.61,3.3,5,1.71,2,1.9,1.9,1.83,2,-0.75,1.8,2.05,-0.75,1.825,2.075,-0.75,NA,NA,NA,NA,NA,NA,NA
"192","SP1","17/01/04","Murcia","Celta",2,2,"D",0,2,"A",2.5,3.2,2.5,2.55,3.15,2.55,2.8,2.8,2.4,2.6,3.2,2.38,2.6,3,2.5,2.6,3,2.5,2.75,3.1,2.3,1.9,1.79,1.95,1.85,2.05,1.8,0,2,1.85,0,2,1.9,0,NA,NA,NA,NA,NA,NA,NA
"193","SP1","17/01/04","Valladolid","Valencia",0,0,"D",0,0,"D",1.66,3.4,4.5,1.7,3.4,4.6,1.65,3.2,4.6,1.62,3.25,5,1.67,3.4,4.5,1.67,3.4,4.5,1.61,3.3,5,1.95,1.75,2.05,1.75,1.7,2.05,0.5,1.8,2.05,0.5,1.85,2.05,0.5,NA,NA,NA,NA,NA,NA,NA
"194","SP1","18/01/04","Ath Madrid","Sevilla",2,1,"H",1,0,"H",1.8,3.2,4,1.8,3.25,4.2,1.75,3.1,4.2,1.73,3.2,4.33,1.75,3.25,4.2,1.75,3.25,4.33,1.66,3.3,4.5,1.9,1.79,1.95,1.85,1.87,1.96,-0.5,1.85,2,-0.5,2,1.9,-0.5,NA,NA,NA,NA,NA,NA,NA
"195","SP1","18/01/04","Betis","Real Madrid",1,1,"D",1,0,"H",4.5,3.25,1.83,4,3.25,1.85,3.2,3.1,2,4,3.2,1.8,4.5,3.25,1.73,4.33,3.25,1.75,4.33,3.2,1.72,1.75,1.95,1.85,1.95,2,1.85,0.5,1.95,1.9,0.5,2,1.9,0.5,NA,NA,NA,NA,NA,NA,NA
"196","SP1","18/01/04","La Coruna","Zaragoza",4,1,"H",1,1,"D",1.36,3.6,9.5,1.41,3.9,7.5,1.33,4,7.5,1.4,3.75,7,1.36,3.75,8.5,1.36,3.75,8.5,1.33,4,8,1.79,1.9,1.85,1.95,1.7,2.05,-1,1.8,2.05,-1,1.8,2.1,-1,NA,NA,NA,NA,NA,NA,NA
"197","SP1","18/01/04","Mallorca","Santander",1,1,"D",0,0,"D",2.2,3.2,2.87,2.2,3.2,3,2.2,3,2.9,2.25,3.2,2.75,2.1,3.2,3.1,2.1,3.2,3.1,2.25,3.1,2.8,1.79,1.9,1.9,1.9,2,1.85,-0.25,1.95,1.9,-0.25,2.05,1.85,-0.25,NA,NA,NA,NA,NA,NA,NA
"198","SP1","18/01/04","Osasuna","Albacete",1,1,"D",1,1,"D",1.66,3.4,4.5,1.65,3.45,4.9,1.75,3.1,4.2,1.57,3.25,5.5,1.62,3.4,5,1.62,3.4,5,1.61,3.1,5.5,2.05,1.71,2,1.8,1.9,1.95,-0.75,1.85,2,-0.75,1.925,1.975,-0.75,NA,NA,NA,NA,NA,NA,NA
"199","SP1","18/01/04","Sociedad","Espanol",3,1,"H",1,0,"H",3.4,3.1,2,3.3,3.2,2.05,3,2.9,2.2,3.2,3.2,2,3.3,3.2,2,3.3,3.2,2,3.6,3.1,1.9,1.85,1.85,2,1.8,1.9,1.95,-0.75,1.8,2.05,-0.75,1.85,2.05,-0.75,NA,NA,NA,NA,NA,NA,NA
"200","SP1","18/01/04","Villarreal","Malaga",2,0,"H",0,0,"D",1.8,3.2,4,1.85,3.25,4,1.8,3.1,3.8,1.73,3.2,4.33,1.85,3.25,3.75,1.85,3.25,3.75,1.72,3.2,4.33,1.9,1.79,2,1.8,1.85,2,-0.5,1.9,1.95,-0.5,1.9,2,-0.5,NA,NA,NA,NA,NA,NA,NA
"201","SP1","24/01/04","Albacete","Ath Madrid",1,1,"D",0,1,"A",2.6,3.2,2.4,2.65,3.1,2.55,2.5,3,2.5,2.75,3.2,2.25,2.6,3.2,2.4,2.6,3.2,2.4,2.7,3,2.37,1.95,1.75,2,1.8,2.05,1.8,0,2.05,1.8,0,2,1.9,0,NA,NA,NA,NA,NA,NA,NA
"202","SP1","24/01/04","Real Madrid","Villarreal",2,1,"H",1,0,"H",1.36,4,7.5,1.38,4.2,7.6,1.4,3.9,6,1.4,3.75,7,1.3,4.33,8.5,1.3,4.33,8.5,1.3,4.2,8.5,1.65,2.05,1.7,2.1,2.05,1.8,-1.25,2.05,1.8,-1.25,2.1,1.8,-1.25,NA,NA,NA,NA,NA,NA,NA
"203","SP1","25/01/04","Ath Bilbao","La Coruna",1,0,"H",0,0,"D",2.7,3.25,2.5,2.65,3.1,2.55,2.5,3,2.5,2.62,2.88,2.5,2.62,3.2,2.38,2.62,3.2,2.38,2.5,3.1,2.5,1.85,1.85,2,1.8,2,1.85,0,2.05,1.8,0,1.95,1.95,0,NA,NA,NA,NA,NA,NA,NA
"204","SP1","25/01/04","Celta","Sociedad",2,5,"A",1,2,"A",2.2,3.25,2.8,2.3,3.1,2.95,2.1,3,3.1,2.38,3.2,2.6,2.25,3.1,2.88,2.25,3.1,2.88,2.2,3.1,2.87,1.85,1.85,1.95,1.85,2.05,1.8,-0.25,2,1.85,-0.25,2.075,1.825,-0.25,NA,NA,NA,NA,NA,NA,NA
"205","SP1","25/01/04","Espanol","Betis",1,2,"A",0,2,"A",2.6,3.2,2.4,2.45,3.1,2.7,2.5,3,2.5,2.5,3.25,2.4,2.5,3.2,2.5,2.4,3.2,2.6,2.62,3.2,2.3,1.9,1.79,2.05,1.75,1.77,2.1,0,2.1,1.75,-0.25,1.8,2.1,0,NA,NA,NA,NA,NA,NA,NA
"206","SP1","25/01/04","Malaga","Valladolid",2,3,"A",1,1,"D",1.9,3.2,3.6,2.05,3.1,3.5,2,3,3.3,2,3.2,3.2,1.91,3.2,3.6,1.91,3.2,3.6,2.1,3,3.2,1.95,1.75,1.95,1.85,1.85,2,-0.25,1.85,2,-0.25,1.825,2.075,-0.25,NA,NA,NA,NA,NA,NA,NA
"207","SP1","25/01/04","Santander","Murcia",3,2,"H",1,1,"D",1.61,3.4,5,1.65,3.45,4.9,1.65,3.3,4.4,1.62,3.25,5,1.62,3.4,5,1.62,3.4,5,1.61,3.1,5.5,1.85,1.85,2,1.8,2,1.85,-0.75,2,1.85,-0.75,1.975,1.925,-0.75,NA,NA,NA,NA,NA,NA,NA
"208","SP1","25/01/04","Sevilla","Barcelona",0,1,"A",0,1,"A",2.4,3.2,2.6,2.5,3.2,2.6,2.5,3,2.5,2.4,3.25,2.5,2.5,3.2,2.5,2.5,3.2,2.5,2.3,3.2,2.62,1.85,1.85,1.9,1.9,1.95,1.9,0,1.95,1.9,0,1.95,1.95,0,NA,NA,NA,NA,NA,NA,NA
"209","SP1","25/01/04","Valencia","Osasuna",0,1,"A",0,1,"A",1.44,3.6,7,1.48,3.7,6.5,1.4,3.9,6,1.4,3.6,7.5,1.44,3.75,6.5,1.44,3.75,6.5,1.44,3.5,7,1.85,1.85,2.05,1.75,1.95,1.9,-1,1.95,1.9,-1,2,1.9,-1,NA,NA,NA,NA,NA,NA,NA
"210","SP1","25/01/04","Zaragoza","Mallorca",1,3,"A",0,2,"A",2.2,3.25,2.8,2.25,3.1,3,2.1,3,3.1,2.1,3.2,3,2.25,3.1,2.88,2.25,3.1,2.88,2.1,3.1,3.1,1.95,1.75,2.05,1.75,2,1.85,-0.25,2,1.85,-0.25,2.025,1.875,-0.25,NA,NA,NA,NA,NA,NA,NA
"211","SP1","31/01/04","Ath Madrid","Osasuna",1,1,"D",0,1,"A",1.833,3.25,3.75,1.9,3.15,3.9,1.8,3,4,1.833,3.2,3.75,1.85,3.25,3.75,1.85,3.25,3.75,1.72,3.2,4.33,2,1.71,2.15,1.66,1.75,2.1,-0.25,1.8,2.05,-0.25,1.775,2.125,-0.25,NA,NA,NA,NA,NA,NA,NA
"212","SP1","31/01/04","Betis","Celta",1,0,"H",1,0,"H",2,3.2,3.75,2.05,3.15,3.35,1.9,3.1,3.5,1.909,3.2,3.5,NA,NA,NA,2,3.1,3.4,2,3.1,3.3,1.75,1.95,1.95,1.85,2.05,1.8,-0.5,2.05,1.8,-0.5,2.025,1.875,-0.5,NA,NA,NA,NA,NA,NA,NA
"213","SP1","31/01/04","Malaga","Valencia",1,6,"A",0,2,"A",3.25,3.25,2,3.3,3.25,2.05,3.5,3.1,1.9,3.2,3.2,2,3.25,3.25,2,3.25,3.25,2,3.75,3.2,1.83,1.85,1.85,2,1.8,1.8,2.05,0.5,1.9,1.95,0.5,1.825,2.075,0.5,NA,NA,NA,NA,NA,NA,NA
"214","SP1","01/02/04","Barcelona","Albacete",5,0,"H",1,0,"H",1.444,3.6,7,1.4,4,7.5,1.4,3.7,6.5,1.444,3.6,6.5,1.4,3.75,7.5,1.4,3.75,7.5,1.4,3.75,7,1.71,2,1.85,1.95,1.8,2,-1,2.05,1.8,-1.25,1.85,2.05,-1,NA,NA,NA,NA,NA,NA,NA
"215","SP1","01/02/04","La Coruna","Sevilla",1,0,"H",1,0,"H",1.533,3.5,5.5,1.5,3.6,6.5,1.35,4,7,1.4,3.75,7,1.44,3.6,7,1.44,3.6,7,1.4,3.6,7.5,1.65,2.05,1.8,2,1.95,1.9,-1,1.95,1.9,-1,2.025,1.875,-1,NA,NA,NA,NA,NA,NA,NA
"216","SP1","01/02/04","Mallorca","Ath Bilbao",1,3,"A",1,1,"D",2.2,3.2,2.875,2.2,3.2,3,2.1,3,3.1,2.25,3.2,2.75,2.2,3.1,3,2.2,3.1,3,2.25,3.2,2.75,1.9,1.79,1.9,1.9,2,1.85,-0.25,1.95,1.9,-0.25,2.025,1.875,-0.25,NA,NA,NA,NA,NA,NA,NA
"217","SP1","01/02/04","Murcia","Zaragoza",1,0,"H",1,0,"H",2.3,3,2.875,2.35,3.15,2.8,2.3,2.9,2.8,2.25,3.2,2.75,2.3,3.1,2.8,2.3,3.1,2.8,2.25,3.1,2.8,1.85,1.85,2,1.8,1.95,1.9,-0.25,1.95,1.9,-0.25,1.95,1.95,-0.25,NA,NA,NA,NA,NA,NA,NA
"218","SP1","01/02/04","Sociedad","Santander",1,0,"H",0,0,"D",1.909,3.25,3.5,1.85,3.25,4,1.8,3.1,3.8,1.727,3.2,4.333,1.8,3.25,4,1.8,3.25,4,1.72,3.2,4.33,1.75,1.95,1.95,1.85,2,1.85,-0.75,1.95,1.9,-0.75,2.1,1.8,-0.75,NA,NA,NA,NA,NA,NA,NA
"219","SP1","01/02/04","Valladolid","Real Madrid",2,3,"A",2,0,"H",3.75,3.25,1.833,4.2,3.25,1.8,3.6,3.1,1.85,3.75,3.25,1.8,4.33,3.25,1.73,4.33,3.25,1.72,4,3.1,1.8,1.75,1.95,1.9,1.9,2.05,1.8,0.5,2.05,1.8,0.5,2,1.9,0.5,NA,NA,NA,NA,NA,NA,NA
"220","SP1","01/02/04","Villarreal","Espanol",0,1,"A",0,0,"D",1.571,3.4,5.5,1.58,3.45,5.7,1.45,3.6,5.8,1.444,3.6,6.5,1.57,3.4,5.5,1.57,3.4,5.5,1.5,3.4,6,1.75,1.95,1.85,1.95,1.95,1.9,-1,1.9,1.95,-1,1.975,1.925,-1,NA,NA,NA,NA,NA,NA,NA
"221","SP1","07/02/04","Real Madrid","Malaga",2,1,"H",1,0,"H",1.167,7,13,1.2,5.5,12,1.2,5,10,1.143,5.5,15,1.2,5.5,10,1.2,5.5,10,1.14,6,12,1.45,2.5,1.57,2.37,1.9,1.95,-1.75,1.9,1.95,-1.75,1.95,1.95,-1.75,NA,NA,NA,NA,NA,NA,NA
"222","SP1","07/02/04","Valencia","Ath Madrid",3,0,"H",1,0,"H",1.615,3.4,5,1.6,3.4,5.5,1.6,3.3,4.8,1.571,3.25,5.5,1.67,3.4,4.5,1.66,3.4,4.5,1.61,3.3,5,1.79,1.9,1.9,1.9,2.15,1.65,-1,1.8,2.05,-0.75,1.875,2.025,-0.75,NA,NA,NA,NA,NA,NA,NA
"223","SP1","08/02/04","Albacete","La Coruna",0,2,"A",0,0,"D",3.6,3.2,1.909,3.45,3.2,2,3.5,3.1,1.9,3.5,3.2,1.909,3.3,3.2,2,3.3,3.2,2,3.4,3,2,1.85,1.85,2,1.8,1.9,1.95,0.5,1.95,1.9,0.5,1.9,2,0.5,NA,NA,NA,NA,NA,NA,NA
"224","SP1","08/02/04","Ath Bilbao","Murcia",2,1,"H",2,1,"H",1.533,3.4,6,1.55,3.5,5.85,1.45,3.6,5.8,1.444,3.6,6.5,1.5,3.5,6,1.5,3.5,6,1.5,3.4,6,1.75,1.95,2,1.8,2.3,1.55,-1.25,2,1.85,-1,2.1,1.8,-1,NA,NA,NA,NA,NA,NA,NA
"225","SP1","08/02/04","Celta","Villarreal",2,1,"H",1,0,"H",2.2,3.25,2.8,2.25,3.1,3,2,3.1,3.2,2.2,3.2,2.8,2.3,3.1,2.8,2.3,3.1,2.8,2.25,3.1,2.8,1.79,1.9,2,1.8,1.65,2.15,0,1.9,1.95,-0.25,1.95,1.95,-0.25,NA,NA,NA,NA,NA,NA,NA
"226","SP1","08/02/04","Espanol","Valladolid",2,0,"H",0,0,"D",2.2,3.25,2.8,2.3,3.2,2.8,2.3,3,2.7,2.25,3.2,2.75,1.61,3.1,2.7,2.37,3.1,2.7,2.25,3.1,2.8,1.95,1.75,1.95,1.85,1.7,2.05,0,2,1.85,-0.25,2.025,1.875,-0.25,NA,NA,NA,NA,NA,NA,NA
"227","SP1","08/02/04","Osasuna","Barcelona",1,2,"A",0,1,"A",2.6,3.2,2.4,2.65,3.2,2.4,2.7,2.9,2.4,2.5,3.2,2.5,2.6,3,2.5,2.6,3,2.5,2.5,3.1,2.5,1.85,1.85,2,1.8,2.3,1.55,-0.25,2,1.85,0,2.025,1.875,0,NA,NA,NA,NA,NA,NA,NA
"228","SP1","08/02/04","Santander","Betis",1,2,"A",1,1,"D",2.25,3.25,2.75,2.35,3.1,2.85,2.3,2.8,2.9,2.1,3.2,3,2.25,3.2,2.8,2.25,3.2,2.8,2.2,3,3,1.79,1.85,2,1.8,2.05,1.7,-0.25,1.8,2.05,0,2.05,1.85,-0.25,NA,NA,NA,NA,NA,NA,NA
"229","SP1","08/02/04","Sevilla","Mallorca",3,0,"H",0,0,"D",2,3.25,3.25,2.1,3.1,3.35,1.9,3.1,3.5,2,3.2,3.2,2.1,3.2,3.1,2.1,3.2,3.1,2,3.1,3.3,1.85,1.85,2,1.8,1.5,2.45,0,1.8,2.05,-0.25,1.825,2.075,-0.25,NA,NA,NA,NA,NA,NA,NA
"230","SP1","08/02/04","Zaragoza","Sociedad",2,1,"H",1,1,"D",2.875,3.25,2.375,2.75,3.2,2.35,2.8,2.9,2.3,2.8,3.2,2.2,2.75,3.25,2.25,2.75,3.2,2.3,2.75,3.1,2.3,1.85,1.79,1.95,1.85,1.8,2.05,0.25,1.8,2.05,0.25,1.85,2.05,0.25,NA,NA,NA,NA,NA,NA,NA
"231","SP1","14/02/04","Murcia","Sevilla",1,3,"A",0,1,"A",2.375,3.2,2.625,2.37,3.2,2.75,2.4,2.8,2.8,2.375,3,2.75,2.38,3,2.75,2.37,3,2.75,2.37,3.1,2.62,2,1.71,2.1,1.7,2.05,1.7,-0.25,1.8,2.05,0,1.8,2.1,0,NA,NA,NA,NA,NA,NA,NA
"232","SP1","14/02/04","Sociedad","Ath Bilbao",1,1,"D",1,1,"D",2.1,3.25,3.4,2.1,3.1,3.4,2.2,2.9,3,1.833,3.2,3.75,2.1,3.2,3.1,2.1,3.2,3.1,2,3,3.4,1.75,1.95,2.05,1.75,1.55,2.3,0,1.85,2,-0.25,1.9,2,-0.25,NA,NA,NA,NA,NA,NA,NA
"233","SP1","15/02/04","Barcelona","Ath Madrid",3,1,"H",3,1,"H",1.727,3.25,4.333,1.7,3.4,4.75,1.7,3.1,4.4,1.667,3.25,4.5,1.73,3.2,4.5,1.72,3.2,4.5,1.72,3.2,4.33,1.75,1.95,1.9,1.9,2.2,1.6,-1,1.9,1.95,-0.75,1.95,1.95,-0.75,NA,NA,NA,NA,NA,NA,NA
"234","SP1","15/02/04","Betis","Zaragoza",2,1,"H",2,1,"H",1.571,3.4,5.5,1.65,3.45,5,1.7,3.1,4.4,1.615,3.25,5,1.67,3.25,4.75,1.66,3.25,4.75,1.66,3.3,4.5,1.85,1.85,2,1.8,2.15,1.65,-1,1.9,1.95,-0.75,1.9,2,-0.75,NA,NA,NA,NA,NA,NA,NA
"235","SP1","15/02/04","La Coruna","Osasuna",2,0,"H",2,0,"H",1.533,3.5,5.5,1.55,3.6,5.75,1.45,3.6,5.8,1.5,3.4,6,1.53,3.4,6,1.53,3.4,6,1.57,3.3,5.5,1.85,1.85,1.95,1.85,2,1.75,-1,1.8,2.05,-0.75,1.775,2.125,-0.75,NA,NA,NA,NA,NA,NA,NA
"236","SP1","15/02/04","Malaga","Espanol",5,2,"H",3,1,"H",2.1,3.25,3,2.2,3.2,3,2.2,3.1,2.8,2.1,3.2,3,2.1,3.25,3,2.1,3.25,3,2.1,3.2,3,1.85,1.85,1.85,1.95,1.6,2.2,0,NA,NA,NA,1.925,1.975,-0.25,NA,NA,NA,NA,NA,NA,NA
"237","SP1","15/02/04","Mallorca","Albacete",0,0,"D",0,0,"D",1.727,3.25,4.333,1.75,3.35,4.35,1.75,3.1,4.2,1.667,3.25,4.5,1.73,3.25,4.33,1.72,3.25,4.33,1.72,3.1,4.5,1.79,1.9,1.9,1.9,2.2,1.6,-1,1.75,2.1,-0.5,1.85,2.05,-0.5,NA,NA,NA,NA,NA,NA,NA
"238","SP1","15/02/04","Real Madrid","Valencia",1,1,"D",0,0,"D",1.727,3.4,5,1.75,3.3,4.65,1.7,3.1,4.4,1.727,3.2,4.333,1.73,3.25,4.33,1.66,3.25,4.75,1.66,3.3,4.5,1.65,2.05,1.85,1.95,2.2,1.6,-1,2,1.85,-0.75,2.1,1.8,-0.75,NA,NA,NA,NA,NA,NA,NA
"239","SP1","15/02/04","Valladolid","Celta",0,2,"A",0,0,"D",2.25,3.25,2.75,2.35,3.1,2.9,2.3,2.8,2.9,2.25,3.2,2.75,2.25,3.1,2.88,2.25,3.1,2.87,2.2,3.1,2.87,1.95,1.75,1.95,1.85,1.7,2.05,0,2,1.85,-0.25,2.1,1.8,-0.25,NA,NA,NA,NA,NA,NA,NA
"240","SP1","15/02/04","Villarreal","Santander",6,3,"H",3,1,"H",1.909,3.25,3.5,2.1,3.15,3.35,1.9,3,3.6,1.909,3.2,3.5,2.05,3.2,3.2,2.05,3.2,3.2,2,3.1,3.3,1.9,1.79,2,1.8,1.5,2.45,0,1.75,2.1,-0.25,2.1,1.8,-0.5,NA,NA,NA,NA,NA,NA,NA
"241","SP1","21/02/04","Ath Madrid","La Coruna",0,0,"D",0,0,"D",2.5,3.2,2.5,2.6,3.25,2.55,2.4,3,2.6,2.5,3.2,2.5,2.6,3.2,2.4,2.6,3.2,2.4,2.4,3.1,2.6,1.85,1.85,2,1.8,1.9,1.95,0,1.95,1.9,0,1.95,1.95,0,NA,NA,NA,NA,NA,NA,NA
"242","SP1","21/02/04","Celta","Malaga",0,2,"A",0,1,"A",1.8,3.25,4,1.78,3.3,4.5,1.8,3.1,3.8,1.727,3.2,4.333,1.83,3.25,3.75,1.72,3.2,4.5,1.83,3.2,3.75,1.75,1.95,1.9,1.9,1.78,1.9,-0.5,1.75,2.1,-0.5,1.825,2.075,-0.5,NA,NA,NA,NA,NA,NA,NA
"243","SP1","21/02/04","Espanol","Real Madrid",2,4,"A",1,1,"D",5,3.4,1.615,5,3.6,1.65,4.4,3.3,1.65,5,3.25,1.615,5.2,3.8,1.6,5,3.4,1.61,5,3.3,1.61,1.65,2.05,1.85,1.95,2.09,1.65,0.5,2.1,1.75,0.75,2.1,1.8,0.75,NA,NA,NA,NA,NA,NA,NA
"244","SP1","21/02/04","Sevilla","Sociedad",1,0,"H",0,0,"D",2.2,3.25,2.8,2.2,3.25,3.1,2.2,3,2.9,2.1,3.2,3,2.25,3.2,2.8,2.25,3.2,2.8,2.2,3.1,2.87,1.85,1.85,1.9,1.9,2,1.85,-0.25,1.95,1.9,-0.25,2.05,1.85,-0.25,NA,NA,NA,NA,NA,NA,NA
"245","SP1","21/02/04","Valencia","Barcelona",0,1,"A",0,0,"D",1.909,3.25,4,1.9,3.3,3.9,1.9,3.1,3.5,1.8,3.25,3.75,1.8,3.25,4,1.9,3.2,3.6,1.83,3.3,3.6,1.71,2,2,1.8,1.9,1.79,-0.5,2,1.85,-0.5,2,1.9,-0.5,NA,NA,NA,NA,NA,NA,NA
"246","SP1","22/02/04","Albacete","Murcia",1,0,"H",1,0,"H",1.833,3.25,3.75,1.85,3.4,4,1.7,3.1,4.4,1.8,3.25,3.75,1.83,3.25,3.75,1.85,3.25,3.75,1.83,3.2,3.75,2,1.71,2.15,1.66,1.85,1.84,-0.5,1.95,1.9,-0.5,2.05,1.85,-0.5,NA,NA,NA,NA,NA,NA,NA
"247","SP1","22/02/04","Ath Bilbao","Betis",1,1,"D",0,0,"D",2.1,3.25,3.4,2.1,3.25,3.35,2.1,2.9,3.2,2,3.2,3.2,2,3.2,3.3,1.9,3.2,3.6,2,3.1,3.3,1.85,1.85,2,1.8,1.9,1.95,-0.25,1.85,2,-0.25,1.875,2.025,-0.25,NA,NA,NA,NA,NA,NA,NA
"248","SP1","22/02/04","Osasuna","Mallorca",1,1,"D",1,1,"D",1.833,3.25,3.75,1.9,3.25,4,1.9,3.1,3.5,1.8,3.25,3.75,1.83,3.25,3.75,1.85,3.2,3.8,1.83,3.2,3.75,1.95,1.75,2,1.8,1.9,1.79,-0.5,2.05,1.8,-0.5,2.025,1.875,-0.5,NA,NA,NA,NA,NA,NA,NA
"249","SP1","22/02/04","Santander","Valladolid",1,0,"H",0,0,"D",1.909,3.25,3.5,2,3.25,3.6,2.1,3,3.1,1.909,3.25,3.4,2,3.2,3.3,2,3.2,3.3,1.9,3.2,3.5,1.85,1.85,1.9,1.9,1.8,2.05,-0.25,2.1,1.75,-0.5,1.775,2.125,-0.25,NA,NA,NA,NA,NA,NA,NA
"250","SP1","22/02/04","Zaragoza","Villarreal",4,1,"H",3,0,"H",2.4,3.2,2.6,2.55,3.25,2.6,2.5,3,2.5,2.25,3.2,2.75,2.5,3,2.6,2.5,3,2.62,2.5,3.1,2.5,1.9,1.79,2,1.8,2.2,1.6,-0.25,1.8,2.05,0,1.875,2.025,0,NA,NA,NA,NA,NA,NA,NA
"251","SP1","28/02/04","Betis","Sevilla",1,1,"D",1,1,"D",2.25,3.2,3.1,2.3,3,3.15,2.3,2.7,3,2.2,3,3,2.2,3,3.1,2.2,3,3.1,2.2,2.8,3.2,1.95,1.75,2.05,1.75,2,1.85,-0.25,1.95,1.9,-0.25,1.975,1.925,-0.25,NA,NA,NA,NA,NA,NA,NA
"252","SP1","28/02/04","Valladolid","Zaragoza",1,2,"A",1,1,"D",2.1,3.25,3,2.1,3.2,3.4,2,3,3.3,1.909,3.2,3.5,2,3.2,3.3,2,3.2,3.3,2,3.1,3.3,1.95,1.75,2.05,1.75,1.95,1.9,-0.25,1.9,1.95,-0.25,1.9,2,-0.25,NA,NA,NA,NA,NA,NA,NA
"253","SP1","29/02/04","Espanol","Valencia",2,1,"H",1,0,"H",4.333,3.25,1.727,4.75,3.3,1.75,4.4,3.3,1.65,4,3.2,1.8,4,3.4,1.73,4,3.4,1.75,5,3.1,1.66,1.85,1.85,2,1.8,1.95,1.75,0.5,2.05,1.8,0.5,2.15,1.75,0.5,NA,NA,NA,NA,NA,NA,NA
"254","SP1","29/02/04","La Coruna","Barcelona",2,3,"A",0,2,"A",2.1,3.25,3.4,2.15,3.2,3.25,1.85,3.1,3.6,2.1,3.2,3,2,3.2,3.3,2,3.2,3.3,2,3.1,3.3,1.85,1.85,2,1.8,1.85,2,-0.25,2.05,1.8,-0.5,2.1,1.8,-0.5,NA,NA,NA,NA,NA,NA,NA
"255","SP1","29/02/04","Malaga","Santander",1,0,"H",1,0,"H",2,3.25,3.25,2.05,3.25,3.45,2.2,2.8,3.1,2.1,3.2,3,2,3.2,3.3,2,3.2,3.3,2,3.1,3.3,1.75,1.95,1.85,1.95,1.9,1.95,-0.25,1.9,1.95,-0.25,1.95,1.95,-0.25,NA,NA,NA,NA,NA,NA,NA
"256","SP1","29/02/04","Mallorca","Ath Madrid",0,1,"A",0,0,"D",2.3,3.2,2.7,2.25,3.25,3,2.5,3,2.5,2.2,3.2,2.8,2.25,3.1,2.88,2.25,3.1,2.87,2.3,3.1,2.75,1.79,1.9,1.95,1.85,2.05,1.8,-0.25,2,1.85,-0.25,2.1,1.8,-0.25,NA,NA,NA,NA,NA,NA,NA
"257","SP1","29/02/04","Murcia","Osasuna",0,1,"A",0,1,"A",2.5,3.2,2.5,2.7,3.1,2.55,2.6,2.8,2.6,2.5,3.2,2.5,2.6,3,2.5,2.6,3,2.5,2.5,3.1,2.5,2,1.71,2.2,1.65,1.9,1.95,0,1.9,1.95,0,1.95,1.95,0,NA,NA,NA,NA,NA,NA,NA
"258","SP1","29/02/04","Real Madrid","Celta",4,2,"H",0,1,"A",1.333,4.5,9,1.35,4.3,9,1.4,3.9,6,1.3,4,9,1.29,4.5,8.5,1.28,4.5,8.5,1.28,4.5,8,1.65,2.05,1.7,2.1,1.8,2.05,-1.25,1.85,2,-1.25,1.85,2.05,-1.25,NA,NA,NA,NA,NA,NA,NA
"259","SP1","29/02/04","Sociedad","Albacete",0,1,"A",0,0,"D",1.571,3.4,5.5,1.6,3.5,5.75,1.65,3.3,4.4,1.615,3.25,5,1.53,3.5,5.5,1.53,3.5,5.5,1.57,3.3,5.5,1.9,1.79,1.95,1.85,1.85,2,-0.75,1.8,2.05,-0.75,1.775,2.125,-0.75,NA,NA,NA,NA,NA,NA,NA
"260","SP1","29/02/04","Villarreal","Ath Bilbao",0,1,"A",0,1,"A",2.2,3.25,2.8,2.25,3.1,3.15,2.2,2.9,3,2.25,3,2.875,2.25,3.1,2.88,2.25,3.1,2.87,2.2,3,3,1.9,1.79,1.9,1.9,1.95,1.9,-0.25,1.9,1.95,-0.25,1.95,1.95,-0.25,NA,NA,NA,NA,NA,NA,NA
"261","SP1","06/03/04","Celta","Espanol",1,5,"A",0,2,"A",1.8,3.2,4,1.82,3.4,4.15,1.7,3.2,4.2,1.8,3.25,3.75,1.8,3.25,4,1.8,3.25,4,1.8,3.1,4,1.79,1.9,1.95,1.85,1.55,2.3,-0.25,1.8,2.05,-0.5,1.8,2.1,-0.5,NA,NA,NA,NA,NA,NA,NA
"262","SP1","06/03/04","Osasuna","Sociedad",1,1,"D",1,0,"H",2.1,3.25,3,2.15,3.2,3.25,2.2,2.9,3,1.909,3.2,3.5,2.1,3.25,3,2.1,3.25,3,2,3.1,3.3,2.15,1.6,2.05,1.75,1.85,2,-0.25,1.85,2,-0.25,1.85,2.05,-0.25,NA,NA,NA,NA,NA,NA,NA
"263","SP1","06/03/04","Santander","Real Madrid",1,1,"D",1,1,"D",5,3.4,1.727,4.7,3.4,1.75,3.8,3.1,1.8,4.333,3.2,1.727,4.5,3.4,1.67,4.5,3.4,1.66,4,3.1,1.8,1.75,1.95,1.8,2,1.97,1.75,0.5,1.75,2.1,0.75,2.1,1.8,0.5,NA,NA,NA,NA,NA,NA,NA
"264","SP1","06/03/04","Valencia","La Coruna",3,0,"H",1,0,"H",2.1,3.2,3.5,2.1,3.2,3.4,2,3.1,3.2,1.909,3.2,3.5,2.1,3.1,3.2,2.1,3.1,3.2,2.1,2.87,3.3,1.9,1.79,2.05,1.75,1.8,2.05,-0.25,1.8,2.05,-0.25,1.875,2.025,-0.25,NA,NA,NA,NA,NA,NA,NA
"265","SP1","07/03/04","Albacete","Betis",1,0,"H",1,0,"H",2.5,3.2,2.5,2.6,3.2,2.6,2.5,2.9,2.6,2.625,2.875,2.5,2.5,3,2.6,2.5,3,2.6,2.37,3,2.7,1.9,1.79,2.1,1.7,2.2,1.6,-0.25,1.9,1.95,0,1.8,2.1,0,NA,NA,NA,NA,NA,NA,NA
"266","SP1","07/03/04","Ath Bilbao","Valladolid",1,4,"A",0,3,"A",1.615,3.4,5,1.65,3.5,5.15,1.65,3.2,4.6,1.571,3.25,5.5,1.57,3.5,5.25,1.57,3.5,5.25,1.57,3.3,5.5,1.9,1.79,2,1.8,1.9,1.95,-0.75,1.9,1.95,-0.75,1.85,2.05,-0.75,NA,NA,NA,NA,NA,NA,NA
"267","SP1","07/03/04","Ath Madrid","Murcia",1,1,"D",0,0,"D",1.444,4,7.5,1.4,4.1,8,1.3,4,8.5,1.4,3.75,7,1.36,4,7.5,1.36,4,7.5,1.4,3.6,7.5,1.75,1.95,1.95,1.85,2.15,1.65,-1.25,1.95,1.9,-1,1.875,2.025,-1,NA,NA,NA,NA,NA,NA,NA
"268","SP1","07/03/04","Barcelona","Mallorca",3,2,"H",2,0,"H",1.364,3.75,8.5,1.4,4,8.25,1.37,3.9,6.5,1.4,3.75,7,1.36,4,7.5,1.36,4,7.5,1.36,3.75,8,1.71,2,1.75,2.05,1.97,1.75,-1.25,1.85,2,-1,1.8,2.1,-1,NA,NA,NA,NA,NA,NA,NA
"269","SP1","07/03/04","Sevilla","Villarreal",2,0,"H",0,0,"D",1.909,3.25,3.5,1.92,3.3,3.85,1.9,3,3.6,1.727,3.2,4.333,1.83,3.3,3.75,1.83,3.3,3.75,1.83,3.2,3.75,1.95,1.75,1.95,1.85,1.65,2.15,-0.25,1.9,1.95,-0.5,2,1.9,-0.5,NA,NA,NA,NA,NA,NA,NA
"270","SP1","07/03/04","Zaragoza","Malaga",1,0,"H",0,0,"D",2.1,3.25,3,2.15,3.2,3.25,2.1,2.9,3.2,1.909,3.2,3.5,2.2,3.1,3,2.2,3.1,3,2.1,3,3.2,1.79,1.9,2.05,1.75,1.95,1.9,-0.25,1.9,1.95,-0.25,NA,NA,NA,NA,NA,NA,NA,NA,NA,NA
"271","SP1","13/03/04","Real Madrid","Zaragoza",1,1,"D",1,1,"D",1.286,4.5,9,1.3,5,9,1.22,4.8,9.5,1.286,4.333,9,1.25,4.5,11,1.25,4.5,11,1.25,4.5,10,1.55,2.25,1.75,2.05,1.7,2.05,-1.25,2,1.85,-1.5,2.075,1.825,-1.5,NA,NA,NA,NA,NA,NA,NA
"272","SP1","13/03/04","Sociedad","Ath Madrid",2,1,"H",2,0,"H",2.25,3.2,2.8,2.25,3.15,3.1,2,3,3.3,2.1,3,3.2,2.2,3.2,2.88,2.2,3.2,2.88,2.25,3.1,2.8,1.95,1.75,2.05,1.75,1.95,1.9,-0.25,1.9,1.95,-0.25,1.975,1.925,-0.25,NA,NA,NA,NA,NA,NA,NA
"273","SP1","14/03/04","Betis","Osasuna",1,1,"D",1,1,"D",2,3,3.5,2.1,3.1,3.5,1.9,2.9,3.8,2,3,3.4,2,3,3.5,2,3,3.5,2.1,2.87,3.3,2.05,1.65,2.25,1.61,1.9,1.98,-0.25,1.9,1.95,-0.25,1.85,2.05,-0.25,NA,NA,NA,NA,NA,NA,NA
"274","SP1","14/03/04","Celta","Valencia",0,2,"A",0,1,"A",3.4,3.25,2.1,3.3,3.25,2.1,3.1,3,2.1,3.5,3.2,1.909,3.75,3.25,1.83,3.4,3.1,2,3.6,3.1,1.9,1.79,1.9,1.95,1.85,1.64,2.1,0.5,1.9,1.95,0.25,1.975,1.925,0.25,NA,NA,NA,NA,NA,NA,NA
"275","SP1","14/03/04","Espanol","Santander",0,1,"A",0,0,"D",2.1,3.25,3,2.15,3.25,3.25,2,3,3.3,2,3.2,3.2,2.1,3.2,3.1,2.1,3.2,3.1,2.1,3.1,3.1,1.79,1.9,2,1.8,1.85,2,-0.25,1.85,2,-0.25,1.925,1.975,-0.25,NA,NA,NA,NA,NA,NA,NA
"276","SP1","14/03/04","Malaga","Ath Bilbao",2,1,"H",0,1,"A",2.25,3.2,2.8,2.25,3.2,3.05,2.2,2.9,3,2.25,3,2.875,2.3,3.1,2.8,2.3,3.1,2.8,2.25,3.1,2.8,1.79,1.9,1.95,1.85,2,1.85,-0.25,1.95,1.9,-0.25,1.975,1.925,-0.25,NA,NA,NA,NA,NA,NA,NA
"277","SP1","14/03/04","Mallorca","La Coruna",4,2,"H",2,1,"H",2.8,3.25,2.2,3,3.25,2.25,2.9,3,2.2,2.6,3.2,2.375,2.88,3.2,2.2,2.88,3.2,2.2,2.87,3.1,2.2,1.85,1.85,2.05,1.75,1.56,2.25,0.5,1.85,2,0.25,1.95,1.95,0.25,NA,NA,NA,NA,NA,NA,NA
"278","SP1","14/03/04","Murcia","Barcelona",0,2,"A",0,1,"A",4.5,3.4,1.667,5.2,3.7,1.61,4.6,3.4,1.6,5,3.25,1.615,5,3.4,1.62,5,3.4,1.62,4.5,3.3,1.66,1.71,2,1.85,1.95,2.16,1.61,0.5,1.95,1.9,0.75,1.975,1.925,0.75,NA,NA,NA,NA,NA,NA,NA
"279","SP1","14/03/04","Valladolid","Sevilla",2,0,"H",0,0,"D",2.25,3.25,2.75,2.35,3.15,2.9,2.2,2.9,3,2.25,3.2,2.75,2.25,3.1,2.88,2.25,3.1,2.88,2.3,3,2.8,1.95,1.75,2.2,1.65,2.1,1.77,-0.25,1.75,2.1,0,2.1,1.8,-0.25,NA,NA,NA,NA,NA,NA,NA
"280","SP1","14/03/04","Villarreal","Albacete",2,1,"H",0,1,"A",1.8,3.25,4,1.8,3.3,4.5,1.8,3.1,3.8,1.8,3.2,4,1.73,3.25,4.33,1.73,3.25,4.33,1.83,3,4,2,1.71,2.1,1.7,1.6,2.2,-0.25,1.85,2,-0.5,1.85,2.05,-0.5,NA,NA,NA,NA,NA,NA,NA
"281","SP1","20/03/04","Ath Bilbao","Real Madrid",4,2,"H",2,0,"H",3,3.25,2.1,3.1,3.25,2.2,3,2.9,2.2,2.875,3,2.25,3.1,3.2,2.1,3.1,3.2,2.1,2.87,3.1,2.2,1.75,1.95,1.85,1.95,1.9,1.95,0.25,1.95,1.9,-0.25,1.95,1.95,-0.25,NA,NA,NA,NA,NA,NA,NA
"282","SP1","20/03/04","Ath Madrid","Betis",2,1,"H",0,0,"D",1.909,3.25,3.5,2.1,3.1,3.5,2.1,2.9,3.2,1.909,3,3.75,2,3.1,3.4,2,3.1,3.4,1.9,3.1,3.6,1.95,1.75,2.1,1.7,1.45,2.6,0,1.9,1.95,0.25,1.9,2,0.25,NA,NA,NA,NA,NA,NA,NA
"283","SP1","20/03/04","La Coruna","Murcia",1,0,"H",1,0,"H",1.286,4.5,8.5,1.26,5.2,10,1.25,4.5,9,1.3,4.333,8,1.22,5,10,1.22,5,10,1.28,4.5,8,1.65,2.05,1.9,1.9,1.6,2.2,-1.25,1.95,1.9,-1,1.775,2.125,-0.75,NA,NA,NA,NA,NA,NA,NA
"284","SP1","21/03/04","Albacete","Valladolid",2,0,"H",1,0,"H",2.1,3.25,3,2.1,3.25,3.35,2,3,3.3,2.1,3.2,3,2.1,3.2,3.1,2.1,3.2,3.1,2,3.1,3.3,1.95,1.75,2.05,1.75,1.6,2.2,0,1.9,1.95,-0.25,1.85,2.05,-0.25,NA,NA,NA,NA,NA,NA,NA
"285","SP1","21/03/04","Barcelona","Sociedad",1,0,"H",0,0,"D",1.444,4,7.5,1.5,3.8,6.6,1.5,3.7,5,1.444,3.6,6.5,1.44,3.75,6.5,1.44,3.75,6.5,1.44,3.6,6.5,1.75,1.95,1.8,2,1.9,1.85,-1,2,1.85,-1.5,2,1.9,-1.5,NA,NA,NA,NA,NA,NA,NA
"286","SP1","21/03/04","Osasuna","Villarreal",2,1,"H",1,0,"H",2,3,3.5,2,3.25,3.6,1.9,3.1,3.5,1.833,3.2,3.75,2,3.2,3.3,2,3.2,3.3,2,3,3.4,2,1.71,2.1,1.7,1.7,2.05,-0.25,2,1.85,-0.5,2.1,1.8,-0.5,NA,NA,NA,NA,NA,NA,NA
"287","SP1","21/03/04","Santander","Celta",4,4,"D",2,1,"H",1.909,3.25,3.5,2.1,3.25,3.35,2,3.1,3.2,1.909,3.2,3.5,2,3.2,3.3,2,3.2,3.3,2,3.1,3.3,1.85,1.85,1.9,1.9,1.6,2.2,0,1.95,1.9,-0.25,1.95,1.95,-0.25,NA,NA,NA,NA,NA,NA,NA
"288","SP1","21/03/04","Sevilla","Malaga",0,1,"A",0,0,"D",2,3.25,3.25,2,3.25,3.6,1.9,3.1,3.5,1.8,3.25,3.75,1.91,3.25,3.5,1.9,3.25,3.5,1.83,3.2,3.75,1.95,1.75,2.05,1.75,1.7,2.05,-0.25,1.95,1.9,-0.5,2,1.9,-0.5,NA,NA,NA,NA,NA,NA,NA
"289","SP1","21/03/04","Valencia","Mallorca",5,1,"H",1,0,"H",1.4,3.75,7.5,1.44,4,7.5,1.35,4,7,1.444,3.6,6.5,1.36,4,7.5,1.36,4,7.5,1.4,3.6,7.5,1.75,1.95,1.85,1.95,2.15,1.65,-1.25,1.85,2,-1,1.85,2.05,-1,NA,NA,NA,NA,NA,NA,NA
"290","SP1","21/03/04","Zaragoza","Espanol",1,1,"D",1,1,"D",1.833,3.25,3.75,2,3.25,3.6,1.9,3.1,3.5,1.8,3.2,4,1.85,3.25,3.75,1.85,3.25,3.75,2,3.1,3.3,1.85,1.85,2,1.8,1.7,2.05,-0.25,2.05,1.8,-0.5,2.05,1.85,-0.5,NA,NA,NA,NA,NA,NA,NA
"291","SP1","27/03/04","Espanol","Ath Bilbao",2,1,"H",1,0,"H",2.5,3.25,2.7,2.45,3.2,2.75,2.5,3,2.5,2.4,3,2.625,2.5,3.2,2.5,2.5,3.2,2.5,2.37,3.1,2.62,2,1.71,2,1.8,2.05,1.7,-0.25,1.8,2.05,0,1.825,2.075,0,NA,NA,NA,NA,NA,NA,NA
"292","SP1","27/03/04","Sociedad","La Coruna",1,2,"A",1,1,"D",2.5,3.2,2.5,2.6,3.15,2.6,2.4,2.9,2.7,2.5,2.875,2.625,2.6,3,2.5,2.6,3,2.5,2.4,3.1,2.6,2,1.71,2,1.8,2.2,1.6,-0.25,1.8,2.05,0,1.85,2.05,0,NA,NA,NA,NA,NA,NA,NA
"293","SP1","28/03/04","Celta","Zaragoza",0,2,"A",0,0,"D",2.1,3.25,3,2.1,3.25,3.35,2,3,3.3,2.1,3.2,3,2.2,3.2,2.88,2,3.25,3.25,2,3.2,3.2,1.9,1.79,1.95,1.85,1.45,2.6,0,1.75,2.1,-0.25,2.05,1.85,-0.5,NA,NA,NA,NA,NA,NA,NA
"294","SP1","28/03/04","Malaga","Albacete",1,1,"D",0,1,"A",1.8,3.25,4,1.8,3.3,4.5,1.8,3.1,3.8,1.667,3.25,4.5,1.75,3.25,4.2,1.75,3.25,4.2,1.72,3.2,4.33,2,1.71,2,1.8,1.5,2.45,-0.25,1.8,2.05,-0.5,1.825,2.075,-0.5,NA,NA,NA,NA,NA,NA,NA
"295","SP1","28/03/04","Murcia","Mallorca",2,0,"H",1,0,"H",2.625,3.2,2.375,2.85,3.25,2.35,3.2,3.1,2,2.6,3.2,2.375,2.75,3.2,2.3,2.75,3.2,2.3,2.62,3.1,2.37,1.95,1.75,1.95,1.85,2.3,1.55,-0.25,2.05,1.8,0,2.1,1.8,0,NA,NA,NA,NA,NA,NA,NA
"296","SP1","28/03/04","Real Madrid","Sevilla",5,1,"H",2,0,"H",1.333,4.5,9,1.33,4.3,10,1.27,4.3,8.5,1.333,4,8,1.33,4.2,8,1.33,4.2,8,1.28,4.33,8.5,1.65,2.05,1.8,2,1.78,2.07,-1.25,1.8,2.05,-1.25,1.8,2.1,-1.25,NA,NA,NA,NA,NA,NA,NA
"297","SP1","28/03/04","Santander","Valencia",0,3,"A",0,2,"A",3.25,3.25,2,3.65,3.35,1.95,3.3,3,2,3.4,3,2,3.3,3.2,2,3.3,3.2,2,3.6,3.1,1.9,2,1.71,2,1.8,2.1,1.67,0.25,1.9,1.95,0.5,1.9,2,0.5,NA,NA,NA,NA,NA,NA,NA
"298","SP1","28/03/04","Valladolid","Osasuna",1,1,"D",1,0,"H",2.3,3.2,2.7,2.35,3.1,3,2.3,2.8,2.9,2.25,3,2.875,2.3,3,2.88,2.3,3,2.87,2.3,3,2.8,2.05,1.65,2.25,1.6,2.15,1.65,-0.25,1.75,2.1,0,1.8,2.1,0,NA,NA,NA,NA,NA,NA,NA
"299","SP1","28/03/04","Villarreal","Ath Madrid",0,0,"D",0,0,"D",2.25,3.25,2.75,2.3,3.2,3,2.1,2.9,3.2,2.2,3.2,2.8,2.2,3.1,3,2.2,3.1,3,2.1,3.1,3.1,2,1.71,1.95,1.85,1.7,2.05,0,2,1.85,-0.25,2.1,1.8,-0.25,NA,NA,NA,NA,NA,NA,NA
"300","SP1","03/04/04","Albacete","Real Madrid",1,2,"A",0,1,"A",5,3.4,1.727,4.75,3.4,1.7,4,3.2,1.75,4.5,3.25,1.667,5,3.2,1.67,5,3.2,1.66,4.2,3.25,1.72,1.85,1.85,1.8,2,1.95,1.9,0.75,1.9,1.95,0.75,1.975,1.925,0.75,NA,NA,NA,NA,NA,NA,NA
"301","SP1","03/04/04","Barcelona","Villarreal",0,0,"D",0,0,"D",1.5,3.75,7,1.45,4,6.8,1.4,3.9,6,1.4,3.75,7,1.4,3.6,8,1.4,3.6,8,1.4,3.5,8,1.75,1.95,1.85,1.95,2,1.73,-1.25,1.85,2,-1,1.825,2.075,-1,NA,NA,NA,NA,NA,NA,NA
"302","SP1","03/04/04","Sevilla","Espanol",1,0,"H",0,0,"D",1.833,3.25,3.75,1.85,3.35,4,1.85,3.1,3.6,1.833,3.2,3.75,1.85,3.2,3.75,1.85,3.2,3.75,1.83,3.2,3.75,1.95,1.75,2.05,1.75,1.55,2.3,-0.25,1.95,1.9,-0.5,2.025,1.875,-0.5,NA,NA,NA,NA,NA,NA,NA
"303","SP1","04/04/04","Ath Bilbao","Celta",0,0,"D",0,0,"D",1.8,3.25,4,1.75,3.35,4.6,1.75,3.2,4,1.727,3.2,4.333,1.73,3.2,4.5,1.72,3.2,4.5,1.66,3.3,4.5,1.79,1.9,1.85,1.95,2.2,1.6,-1,2.05,1.8,-0.75,1.825,2.075,-0.5,NA,NA,NA,NA,NA,NA,NA
"304","SP1","04/04/04","Ath Madrid","Valladolid",2,1,"H",2,0,"H",1.667,3.4,5,1.65,3.4,5.35,1.65,3.3,4.4,1.667,3.25,4.5,1.67,3.2,5,1.66,3.2,5,1.66,3.1,5,1.9,1.79,1.95,1.85,2.15,1.65,-1,1.95,1.9,-0.75,1.95,1.95,-0.75,NA,NA,NA,NA,NA,NA,NA
"305","SP1","04/04/04","La Coruna","Betis",2,2,"D",2,1,"H",1.533,3.4,6,1.55,3.6,6.1,1.65,3.3,4.4,1.5,3.25,6.5,1.53,3.5,5.5,1.53,3.5,5.5,1.5,3.4,6,1.75,1.95,1.95,1.85,2.05,1.7,-1,1.8,2.05,-0.75,1.85,2.05,-0.75,NA,NA,NA,NA,NA,NA,NA
"306","SP1","04/04/04","Mallorca","Sociedad",1,1,"D",0,1,"A",2.25,3.25,2.75,2.3,3.25,2.9,2.3,3,2.7,2.2,3.2,2.8,2.3,3,2.88,2.3,3,2.87,2.25,3.1,2.8,1.85,1.85,2,1.8,1.7,2.05,0,NA,NA,NA,2.1,1.8,-0.25,NA,NA,NA,NA,NA,NA,NA
"307","SP1","04/04/04","Osasuna","Malaga",1,1,"D",1,0,"H",1.909,3.2,3.6,2,3.1,3.8,2.1,2.9,3.2,1.909,3.2,3.5,2,3.1,3.4,2,3.1,3.4,2,3.1,3.3,2.2,1.71,2.2,1.65,1.45,2.6,0,1.85,2,-0.25,1.825,2.075,-0.25,NA,NA,NA,NA,NA,NA,NA
"308","SP1","04/04/04","Valencia","Murcia",2,0,"H",0,0,"D",1.222,5.5,13,1.2,5.7,13,1.2,5,10,1.2,5,11,1.2,5,13,1.2,5,13,1.2,5,11,1.55,2.25,1.7,2.1,1.5,2.45,-1.25,1.8,2.05,-1.5,1.825,2.075,-1.5,NA,NA,NA,NA,NA,NA,NA
"309","SP1","04/04/04","Zaragoza","Santander",2,2,"D",1,0,"H",1.909,3.2,3.6,2,3.2,3.65,1.9,3,3.6,1.8,3.25,3.75,2,3.1,3.4,2,3.1,3.4,2,3.1,3.3,1.85,1.85,2.05,1.75,1.45,2.6,0,1.75,2.1,-0.25,1.8,2.1,-0.25,NA,NA,NA,NA,NA,NA,NA
"310","SP1","10/04/04","Celta","Sevilla",0,0,"D",0,0,"D",2.2,3.25,3.2,2.1,3.3,3.3,2,3.1,3.2,2.1,3.2,3,2.2,3.1,3,2.1,3.1,3.2,2.2,3,3,2,1.71,1.95,1.85,1.5,2.45,0,1.8,2.05,-0.25,1.85,2.05,-0.25,NA,NA,NA,NA,NA,NA,NA
"311","SP1","10/04/04","Malaga","Ath Madrid",3,1,"H",2,1,"H",2.2,3.25,2.8,2.25,3.2,3.1,2.3,2.9,2.8,2.2,3,3,2.2,3.1,3,2.2,3.1,3,2.2,3,3,1.85,1.85,1.95,1.85,1.65,2.15,0,2.05,1.8,-0.25,2.05,1.85,-0.25,NA,NA,NA,NA,NA,NA,NA
"312","SP1","10/04/04","Valladolid","Barcelona",1,3,"A",0,2,"A",3,3.25,2.1,3.35,3.25,2.1,3.2,2.9,2.1,3.2,3.2,2,3.2,3.1,2.1,3.2,3.1,2.1,3.3,3.1,2,1.9,1.79,1.95,1.85,2,1.85,0.25,2,1.85,0.25,2.05,1.85,0.25,NA,NA,NA,NA,NA,NA,NA
"313","SP1","11/04/04","Betis","Mallorca",0,2,"A",0,1,"A",1.833,3.25,3.75,1.9,3.25,4,1.85,3,3.8,1.833,3.2,3.75,1.83,3.25,3.75,1.83,3.25,3.75,1.8,3.1,4,1.95,1.75,2,1.8,1.6,2.2,-0.25,1.8,2.05,-0.5,1.9,2,-0.5,NA,NA,NA,NA,NA,NA,NA
"314","SP1","11/04/04","Espanol","Albacete",1,1,"D",0,1,"A",2,3.25,3.25,2,3.25,3.65,1.9,3.1,3.5,1.909,3.2,3.5,2,3.1,3.4,2,3.1,3.4,1.9,3.1,3.6,1.95,1.75,2,1.8,1.45,2.6,0,1.95,1.9,-0.5,2.1,1.8,-0.5,NA,NA,NA,NA,NA,NA,NA
"315","SP1","11/04/04","Real Madrid","Osasuna",0,3,"A",0,2,"A",1.364,4.333,9,1.35,4.25,9.5,1.3,4.2,8,1.3,4,9,1.3,4.2,9,1.3,4.2,9,1.3,4,9.5,1.65,2.05,1.75,2.05,1.6,2.2,-1,1.9,1.95,-1.25,1.9,2,-1.25,NA,NA,NA,NA,NA,NA,NA
"316","SP1","11/04/04","Santander","Ath Bilbao",1,2,"A",0,1,"A",2.25,3.25,2.75,2.3,3.2,3,2.4,2.8,2.8,2.25,3,2.875,2.2,3.1,3,2.2,3.1,3,2.25,3.1,2.8,1.85,1.85,1.9,1.9,1.76,1.95,0,2.05,1.8,-0.25,2.075,1.825,-0.25,NA,NA,NA,NA,NA,NA,NA
"317","SP1","11/04/04","Sociedad","Murcia",2,0,"H",0,0,"D",1.5,3.5,6,1.48,3.75,7,1.4,3.9,6,1.5,3.4,6,1.44,3.6,7,1.44,3.6,7,1.44,3.5,7,1.71,2,2,1.8,1.7,2.05,-1,NA,NA,NA,2.1,1.8,-1.25,NA,NA,NA,NA,NA,NA,NA
"318","SP1","11/04/04","Villarreal","La Coruna",0,2,"A",0,1,"A",2.625,3.2,2.375,2.8,3.3,2.37,2.5,3,2.5,2.75,3,2.375,2.75,3,2.38,2.75,3,2.37,2.62,3.1,2.37,1.85,1.85,2,1.8,2.1,1.77,0,2.05,1.8,0,2.1,1.8,0,NA,NA,NA,NA,NA,NA,NA
"319","SP1","11/04/04","Zaragoza","Valencia",0,1,"A",0,0,"D",3.5,3.25,1.909,3.75,3.3,1.95,3.2,3.1,2,3.4,3,2,3.4,3.1,2,3.4,3.1,2,3.5,3.2,1.9,2,1.71,2,1.8,2.15,1.65,0.25,1.85,2,0.5,1.85,2.05,0.5,NA,NA,NA,NA,NA,NA,NA
"320","SP1","14/04/04","Betis","Barcelona",1,1,"D",1,1,"D",2.87,3.2,2.2,3.1,3.25,2.2,3,2.9,2.2,2.8,3.2,2.2,NA,NA,NA,3,3.1,2.2,3.3,3.1,2,1.85,1.85,1.9,1.9,1.9,1.95,0.25,1.9,1.95,0.25,2.025,1.875,0.25,NA,NA,NA,NA,NA,NA,NA
"321","SP1","17/04/04","Ath Bilbao","Zaragoza",4,0,"H",1,0,"H",1.8,3.25,4,1.95,3.25,3.8,1.75,3.1,4.2,1.8,3.25,3.75,1.8,3.2,4,1.8,3.2,4,1.8,3.1,4,1.79,1.9,1.95,1.85,1.67,2.1,-0.25,1.95,1.9,-0.5,1.975,1.925,-0.5,NA,NA,NA,NA,NA,NA,NA
"322","SP1","17/04/04","Ath Madrid","Real Madrid",1,2,"A",0,1,"A",3,3.3,2.25,3.45,3.25,2.05,3.2,3.1,2,3,3.2,2.1,2.8,3.2,2.25,3.1,3.2,2.1,3.2,3,2.1,1.71,2,1.75,2.05,2.12,1.75,0.25,2.1,1.75,0.25,2.1,1.8,0.25,NA,NA,NA,NA,NA,NA,NA
"323","SP1","17/04/04","La Coruna","Valladolid",1,1,"D",0,1,"A",1.444,3.75,6.5,1.48,3.75,7,1.5,3.5,5.4,1.44,3.6,6.5,1.4,3.75,7.5,1.44,3.75,6.5,1.44,3.6,6.5,1.79,1.9,1.8,2,2.05,1.7,-1.25,2.15,1.7,-1.25,1.9,2,-1,NA,NA,NA,NA,NA,NA,NA
"324","SP1","18/04/04","Albacete","Celta",0,2,"A",0,1,"A",2.2,3.25,2.8,2.3,3.25,2.9,2.2,3,2.9,2,3.2,3.2,2.25,3.1,2.9,2.25,3.1,2.9,2.1,3.3,2.87,1.85,1.85,2.05,1.75,1.7,2.05,0,2,1.85,-0.25,2.075,1.825,-0.25,NA,NA,NA,NA,NA,NA,NA
"325","SP1","18/04/04","Barcelona","Malaga",3,0,"H",3,0,"H",1.5,3.75,7,1.48,3.75,7,1.45,3.8,5.4,1.4,3.75,7,1.4,3.75,7,1.4,3.75,7.5,1.4,3.75,7,1.71,2,1.85,1.95,2,1.75,-1.25,1.8,2.05,-1,1.9,2,-1,NA,NA,NA,NA,NA,NA,NA
"326","SP1","18/04/04","Mallorca","Villarreal",1,2,"A",1,1,"D",2,3.25,3.25,2,3.25,3.6,1.85,3.1,3.6,2,3.2,3.2,2.1,3.1,3.2,2,3.1,3.4,2,3,3.4,1.9,1.79,1.95,1.85,1.7,2.05,-0.25,1.95,1.9,-0.5,2,1.9,-0.5,NA,NA,NA,NA,NA,NA,NA
"327","SP1","18/04/04","Murcia","Betis",0,1,"A",0,1,"A",NA,NA,NA,NA,NA,NA,NA,NA,NA,2.6,3.2,2.38,2.7,3.1,2.38,2.7,3.1,2.37,2.75,3.1,2.3,NA,NA,NA,NA,NA,NA,NA,NA,NA,NA,NA,NA,NA,NA,NA,NA,NA,NA,NA,NA
"328","SP1","18/04/04","Osasuna","Espanol",1,3,"A",0,1,"A",1.667,3.4,4.5,1.78,3.3,4.5,1.75,3.1,4.2,1.67,3.25,4.5,1.73,3.25,4.33,1.72,3.25,4.33,1.72,3.25,4.2,1.95,1.75,2.05,1.75,2.05,1.7,-0.75,1.85,2,-0.5,1.8,2.1,-0.5,NA,NA,NA,NA,NA,NA,NA
"329","SP1","18/04/04","Sevilla","Santander",5,2,"H",2,0,"H",1.909,3.25,3.5,2,3.25,3.6,1.9,2.9,3.8,1.91,3.2,3.5,1.91,3.1,3.75,1.9,3.1,3.75,1.9,3.1,3.6,2,1.71,2.05,1.75,1.7,2.05,-0.25,2,1.85,-0.5,2.05,1.85,-0.5,NA,NA,NA,NA,NA,NA,NA
"330","SP1","18/04/04","Valencia","Sociedad",2,2,"D",0,0,"D",1.4,3.75,7.5,1.4,3.85,8.75,1.35,4,7,1.44,3.6,6.5,1.4,3.75,7.5,1.4,3.75,7.5,1.36,3.75,8,1.75,1.95,1.85,1.95,2.15,1.65,-1.25,1.9,1.95,-1,1.875,2.025,-1,NA,NA,NA,NA,NA,NA,NA
"331","SP1","24/04/04","Espanol","Ath Madrid",3,1,"H",0,0,"D",2.1,3.25,3,2.2,3.1,3.1,2.3,3,2.7,2,3.2,3.2,2.1,3.25,3,2.1,3.25,3,2.1,3.2,3,1.9,1.79,2.05,1.75,1.6,2.2,0,1.9,1.95,-0.5,1.95,1.95,-0.5,NA,NA,NA,NA,NA,NA,NA
"332","SP1","24/04/04","Malaga","La Coruna",1,1,"D",1,1,"D",2.6,3.25,2.6,2.6,3.15,2.5,2.5,3,2.5,2.5,3.2,2.5,2.6,3,2.5,2.6,3,2.5,2.6,3.1,2.4,1.85,1.85,1.9,1.9,2.3,1.55,-0.5,1.75,2.1,0.5,2.05,1.85,0,NA,NA,NA,NA,NA,NA,NA
"333","SP1","25/04/04","Ath Bilbao","Valencia",1,1,"D",1,1,"D",3.1,3.2,2.25,3.1,3.2,2.15,2.8,2.9,2.3,2.75,3.2,2.25,2.88,3.2,2.2,2.88,3.2,2.2,2.87,3,2.25,NA,NA,2,1.8,1.85,2,0.5,1.9,1.95,0.5,1.925,1.975,0.5,NA,NA,NA,NA,NA,NA,NA
"334","SP1","25/04/04","Betis","Sociedad",2,1,"H",2,1,"H",2.2,3.25,2.8,2.2,3.15,3.05,2,2.9,3.4,2.2,3.2,2.8,2.25,3.1,2.88,2.25,3.1,2.88,2.2,3,3,2,1.71,2.1,1.7,1.65,2.15,0,2.05,1.8,-0.5,2.05,1.85,-0.5,NA,NA,NA,NA,NA,NA,NA
"335","SP1","25/04/04","Celta","Osasuna",1,0,"H",0,0,"D",1.9,3.25,3.5,1.9,3.3,3.7,NA,NA,NA,1.83,3.2,3.75,1.91,3.25,3.5,1.91,3.25,3.5,1.9,3.3,3.3,2.15,1.6,2.1,1.7,1.65,2.15,-0.5,1.9,1.95,-0.5,1.975,1.925,-0.5,NA,NA,NA,NA,NA,NA,NA
"336","SP1","25/04/04","Real Madrid","Barcelona",1,2,"A",0,0,"D",2,3.2,3.75,1.93,3.25,3.6,1.9,3.1,3.5,1.91,3.2,3.5,1.91,3.25,3.5,1.91,3.25,3.5,1.9,3.1,3.6,1.65,2.05,1.8,2,1.65,2.15,-0.5,2.05,1.8,-0.5,2.1,1.8,-0.5,NA,NA,NA,NA,NA,NA,NA
"337","SP1","25/04/04","Santander","Albacete",0,2,"A",0,1,"A",2.1,3.25,3,2.05,3.2,3.35,2,2.9,3.4,2,3.2,3.2,2.1,3.1,3.2,2.1,3.1,3.2,2.1,3.1,3.1,1.85,1.85,2,1.8,1.8,2.05,-0.5,1.8,2.05,-0.5,1.8,2.1,-0.5,NA,NA,NA,NA,NA,NA,NA
"338","SP1","25/04/04","Valladolid","Mallorca",1,3,"A",0,1,"A",2,3.25,3.25,2,3.15,3.55,2,2.8,3.6,2,3,3.4,2.05,3,3.4,2.05,3,3.4,2,3,3.4,1.95,1.75,2.05,1.75,1.7,2.05,0,1.9,1.95,-0.5,1.975,1.925,-0.5,NA,NA,NA,NA,NA,NA,NA
"339","SP1","25/04/04","Villarreal","Murcia",1,0,"H",0,0,"D",1.44,3.75,6.5,1.4,3.85,8,1.3,4.2,8,1.4,3.75,7,1.4,3.75,7.5,1.4,3.75,7.5,1.4,3.75,7,1.75,1.95,1.85,1.95,1.4,2.6,-0.5,NA,NA,NA,NA,NA,NA,NA,NA,NA,NA,NA,NA,NA
"340","SP1","25/04/04","Zaragoza","Sevilla",4,4,"D",2,1,"H",2.25,3.25,2.75,2.3,3.2,2.85,2.2,2.9,3,2.25,3,2.88,2.25,3.1,2.88,2.25,3.1,2.88,2.3,3,2.8,2,1.71,2.1,1.7,1.7,2.05,0,2.05,1.8,-0.5,2.075,1.825,-0.5,NA,NA,NA,NA,NA,NA,NA
"341","SP1","01/05/04","Ath Madrid","Celta",3,2,"H",3,1,"H",2,3.2,3.2,2.05,3.25,3.4,2.2,2.9,3,1.91,3.2,3.5,2.1,3.2,3,1.9,3.3,3.3,2.1,3.2,3,1.9,1.79,2,1.8,2,1.85,-0.25,NA,NA,NA,2.05,1.85,-0.25,NA,NA,NA,NA,NA,NA,NA
"342","SP1","01/05/04","La Coruna","Real Madrid",2,0,"H",1,0,"H",3.2,3.25,2.2,3.25,3.25,2.1,2.7,3,2.3,3,3.2,2.1,3.2,3.4,2.1,3.3,3.3,1.9,3,3.25,2.1,1.85,1.85,1.8,2,2.05,1.8,0.25,NA,NA,NA,2.075,1.825,0.25,NA,NA,NA,NA,NA,NA,NA
"343","SP1","02/05/04","Albacete","Zaragoza",3,1,"H",1,0,"H",2.25,3.2,2.75,2.3,3.2,2.9,2.1,2.9,3.2,2.1,3.2,3,2.3,3,2.8,2.2,2.87,3.1,2.3,3,2.8,1.95,1.75,2.05,1.75,1.7,2.05,0,NA,NA,NA,2.1,1.8,-0.25,NA,NA,NA,NA,NA,NA,NA
"344","SP1","02/05/04","Barcelona","Espanol",4,1,"H",2,1,"H",1.44,4,7.5,1.4,3.85,8.8,1.45,3.8,5.4,1.36,3.75,8,1.4,4,8.5,1.33,4,8,1.4,3.75,7.5,1.71,2,1.75,2.05,2.05,1.7,-1.25,1.75,2.1,-1,1.8,2.1,-1,NA,NA,NA,NA,NA,NA,NA
"345","SP1","02/05/04","Mallorca","Malaga",2,1,"H",1,0,"H",1.8,3.2,4,1.75,3.4,4,1.8,3.1,3.8,1.83,3.25,3.6,1.85,3.25,3.6,1.72,3.4,4,1.8,3.25,4,NA,NA,2,1.8,2.12,1.63,-0.5,1.8,2.05,-0.5,1.85,2.05,-0.5,NA,NA,NA,NA,NA,NA,NA
"346","SP1","02/05/04","Murcia","Valladolid",2,1,"H",1,1,"D",3.5,3.2,1.9,3.75,3.3,1.85,NA,NA,NA,3.5,3.2,1.91,3.4,3.25,1.91,3.6,3.3,1.83,3.75,3.25,1.8,NA,NA,NA,NA,2.2,1.6,0.25,NA,NA,NA,NA,NA,NA,NA,NA,NA,NA,NA,NA,NA
"347","SP1","02/05/04","Osasuna","Santander",1,2,"A",0,0,"D",1.9,3.25,3.4,2,3.2,3.5,2.1,2.9,3.2,1.91,3.2,3.5,2,3.2,3.2,1.9,3.25,3.4,2,3.2,3.2,1.95,1.75,2.05,1.75,1.75,2,-0.25,NA,NA,NA,2.1,1.8,-0.5,NA,NA,NA,NA,NA,NA,NA
"348","SP1","02/05/04","Sevilla","Ath Bilbao",2,0,"H",1,0,"H",2.1,3.2,3,2.15,3.2,3.1,2.2,2.9,3,2.1,3,3.2,2.2,3.1,2.9,2.1,3.1,3.1,2.2,3.1,2.9,1.95,1.75,2,1.8,1.6,2.2,0,1.9,1.95,-0.25,1.95,1.95,-0.25,NA,NA,NA,NA,NA,NA,NA
"349","SP1","02/05/04","Sociedad","Villarreal",2,2,"D",1,1,"D",1.8,3.25,4,1.75,3.3,4.5,1.8,3.1,3.8,1.67,3.4,4.33,1.73,3.3,4.2,1.72,3.25,4.2,1.67,3.4,4.33,1.95,1.75,2,1.8,2.05,1.7,-1,1.85,2,-0.75,1.9,2,-0.75,NA,NA,NA,NA,NA,NA,NA
"350","SP1","02/05/04","Valencia","Betis",2,0,"H",1,0,"H",1.4,3.75,7,1.4,3.85,8.8,1.4,3.9,6,1.4,3.75,7,1.4,3.75,7.5,1.4,3.6,7.5,1.4,3.75,7.5,1.85,1.85,1.9,1.9,2.05,1.7,-1.25,1.8,2.05,-1,1.8,2.1,-1,NA,NA,NA,NA,NA,NA,NA
"351","SP1","08/05/04","Celta","Barcelona",1,0,"H",1,0,"H",3.75,3.5,1.9,3.5,3.3,1.85,2.9,3,2.2,3.6,3.4,1.8,3.6,3.4,1.95,3.5,3.25,1.91,3.6,3.3,1.83,1.79,1.9,1.85,1.95,1.65,2.15,0.75,1.95,1.9,0.5,1.925,1.975,0.5,NA,NA,NA,NA,NA,NA,NA
"352","SP1","08/05/04","Real Madrid","Mallorca",2,3,"A",1,3,"A",1.36,4.5,8,1.3,4.25,8,1.35,4,7,1.36,4,7,1.33,4.5,9,1.3,4.5,8,1.33,4,8,1.55,2.25,1.66,2.15,2.1,1.54,-1.5,2.05,1.8,-1.5,2.125,1.775,-1.5,NA,NA,NA,NA,NA,NA,NA
"353","SP1","09/05/04","Ath Bilbao","Albacete",1,1,"D",0,0,"D",1.61,3.5,4.5,1.57,3.45,5,1.55,3.5,4.8,1.67,3.25,4.5,1.62,3.4,5,1.62,3.4,5,1.66,3.1,5,1.85,1.85,1.9,1.9,2.05,1.7,-1,1.9,1.95,-0.75,1.9,2,-0.75,NA,NA,NA,NA,NA,NA,NA
"354","SP1","09/05/04","Espanol","La Coruna",2,0,"H",1,0,"H",2.2,3.25,2.75,2.15,3.25,2.8,2.2,3.1,2.8,2.2,3.25,2.75,2.2,3.2,2.88,2.2,3.2,2.88,2.25,3.2,2.75,1.95,1.75,2,1.8,1.55,2.3,0,1.9,1.95,-0.25,NA,NA,NA,NA,NA,NA,NA,NA,NA,NA
"355","SP1","09/05/04","Malaga","Murcia",1,0,"H",0,0,"D",1.4,3.75,7,1.38,3.9,6.9,1.35,4,7,1.33,4,8,1.4,3.75,7,1.4,3.75,7,1.4,3.75,7,1.75,1.95,NA,NA,1.38,2.49,-0.5,NA,NA,NA,NA,NA,NA,NA,NA,NA,NA,NA,NA,NA
"356","SP1","09/05/04","Santander","Ath Madrid",2,2,"D",0,1,"A",2.2,3.25,2.75,2.15,3.1,3,2.1,2.8,3.3,2.2,3.2,2.8,2.2,3.1,3,2.2,3.1,3,2.25,3.1,2.8,1.85,1.85,2,1.8,0.9,2.2,0,2,1.85,-0.25,2.05,1.85,-0.25,NA,NA,NA,NA,NA,NA,NA
"357","SP1","09/05/04","Sevilla","Valencia",0,2,"A",0,1,"A",3.25,3.2,2.2,3.15,3.2,2,3.3,2.8,2.1,3.2,3,2.1,3.4,3.2,2.1,3.2,3.1,2.1,3,3,2.2,2,1.71,2.05,1.75,2,1.85,0.25,2,1.85,0.25,2,1.9,0.25,NA,NA,NA,NA,NA,NA,NA
"358","SP1","09/05/04","Valladolid","Sociedad",2,2,"D",1,2,"A",2.37,3.1,2.62,2.25,3.2,2.7,2.3,3,2.7,2.25,3,2.88,2.3,3.1,2.8,2.3,3.1,2.8,2.3,3.1,2.75,1.85,1.85,2,1.8,1.65,2.15,0,2.05,1.8,-0.25,2.125,1.775,-0.25,NA,NA,NA,NA,NA,NA,NA
"359","SP1","09/05/04","Villarreal","Betis",1,0,"H",0,0,"D",2.1,3.2,3,2.05,3.2,3.05,2.2,2.9,3,1.91,3.2,3.5,2.1,3.2,3.1,2.1,3.2,3.1,2,3.1,3.3,2,1.71,2.1,1.7,1.9,1.95,-0.25,1.95,1.9,-0.25,1.975,1.925,-0.25,NA,NA,NA,NA,NA,NA,NA
"360","SP1","09/05/04","Zaragoza","Osasuna",1,0,"H",0,0,"D",2,3.2,3.2,1.95,3.25,3.25,1.75,3.3,3.8,1.91,3.2,3.5,2,3.2,3.3,2,3.2,3.3,2,3.1,3.3,2.05,1.65,2.1,1.7,1.67,2.1,-0.25,2,1.85,-0.5,2.1,1.8,-0.5,NA,NA,NA,NA,NA,NA,NA
"361","SP1","14/05/04","Villarreal","Valencia",2,1,"H",2,1,"H",NA,NA,NA,NA,NA,NA,1.75,3.3,3.8,NA,NA,NA,NA,NA,NA,1.53,3.75,4.75,1.61,3.3,5,NA,NA,NA,NA,NA,NA,NA,NA,NA,NA,NA,NA,NA,NA,NA,NA,NA,NA,NA,NA
"362","SP1","15/05/04","Betis","Valladolid",1,0,"H",0,0,"D",2.3,3.4,2.5,2.5,3.3,2.35,2.3,3.2,2.5,NA,NA,NA,2.3,3.4,2.6,2.3,3.4,2.6,2.3,3.3,2.6,1.9,1.79,1.95,1.85,1.42,2.35,0.5,NA,NA,NA,1.775,2.125,0,NA,NA,NA,NA,NA,NA,NA
"363","SP1","15/05/04","La Coruna","Celta",3,0,"H",3,0,"H",2.6,3.4,2.25,NA,NA,NA,2.4,3.2,2.4,NA,NA,NA,NA,NA,NA,NA,NA,NA,2.5,3.4,2.3,NA,NA,1.95,1.85,NA,NA,NA,NA,NA,NA,1.8,2.1,0.25,NA,NA,NA,NA,NA,NA,NA
"364","SP1","16/05/04","Albacete","Sevilla",1,4,"A",0,1,"A",2.37,3.1,2.62,2.35,3.15,2.6,2,3.2,3.1,2.38,3,2.75,NA,NA,NA,2.3,3.1,2.8,2.2,3.2,2.8,1.95,1.75,1.9,1.9,2.35,1.42,-0.5,NA,NA,NA,NA,NA,NA,NA,NA,NA,NA,NA,NA,NA
"365","SP1","16/05/04","Ath Madrid","Zaragoza",1,2,"A",0,0,"D",1.72,3.4,4,1.7,3.4,4.2,1.8,3.1,3.8,1.73,3.4,4,1.75,3.4,4,1.75,3.4,4,1.72,3.25,4.2,1.85,1.85,1.85,1.95,2.05,1.8,-0.75,2.04,1.8,-0.75,1.95,1.95,-0.5,NA,NA,NA,NA,NA,NA,NA
"366","SP1","16/05/04","Barcelona","Santander",1,0,"H",1,0,"H",1.33,4,8,1.33,4.25,7.5,1.45,3.8,5.4,1.4,4,6.5,1.36,4.2,7,1.36,4.2,7,1.36,4,7,1.65,2.05,1.75,2.05,1.85,2,-1.25,1.88,1.96,-1.25,NA,NA,NA,NA,NA,NA,NA,NA,NA,NA
"367","SP1","16/05/04","Mallorca","Espanol",4,2,"H",0,2,"A",NA,NA,NA,NA,NA,NA,2.4,3.2,2.4,NA,NA,NA,NA,NA,NA,NA,NA,NA,2.5,2.75,2.8,1.65,2.05,1.7,2.1,NA,NA,NA,NA,NA,NA,NA,NA,NA,NA,NA,NA,NA,NA,NA,NA
"368","SP1","16/05/04","Murcia","Real Madrid",2,1,"H",2,0,"H",7,3.75,1.4,7.5,4.25,1.33,5.4,3.5,1.5,6,3.75,1.44,7.5,4,1.44,6.5,4,1.4,6.5,4.2,1.36,1.65,2.05,NA,NA,NA,NA,NA,NA,NA,NA,NA,NA,NA,NA,NA,NA,NA,NA,NA,NA
"369","SP1","16/05/04","Osasuna","Ath Bilbao",1,2,"A",0,0,"D",3,3.2,2.1,3,3.3,2,3.1,3,2.1,2.75,3.2,2.25,NA,NA,NA,NA,NA,NA,NA,NA,NA,2,1.71,2.05,1.75,NA,NA,NA,2.12,1.72,0.25,NA,NA,NA,NA,NA,NA,NA,NA,NA,NA
"370","SP1","16/05/04","Sociedad","Malaga",1,1,"D",0,0,"D",1.83,3.4,3.5,1.7,3.4,4.2,1.7,3.3,4,1.8,3.25,3.75,1.75,3.4,4,1.75,3.4,4,1.72,3.4,4,1.9,1.79,1.9,1.9,1.7,1.88,-0.5,1.78,2.06,-0.5,NA,NA,NA,NA,NA,NA,NA,NA,NA,NA
"371","SP1","23/05/04","Ath Bilbao","Ath Madrid",3,4,"A",1,3,"A",2.3,3.4,2.5,2.3,3.25,2.6,2,3.1,3.2,2.25,3.4,2.62,2.38,3.4,2.5,2.38,3.4,2.5,2.5,3.4,2.3,NA,NA,NA,NA,2.1,1.77,-0.25,NA,NA,NA,NA,NA,NA,NA,NA,NA,NA,NA,NA,NA
"372","SP1","23/05/04","Celta","Mallorca",1,2,"A",0,0,"D",NA,NA,NA,NA,NA,NA,1.55,3.5,4.8,1.44,3.75,6,1.44,3.75,6,1.44,3.75,6,1.5,3.8,5,NA,NA,NA,NA,NA,NA,NA,NA,NA,NA,NA,NA,NA,NA,NA,NA,NA,NA,NA,NA
"373","SP1","23/05/04","Espanol","Murcia",2,0,"H",0,0,"D",1.28,4.5,8,1.28,4.25,9,1.3,4.2,8,1.29,4.5,8,1.29,4.5,8,1.29,4.5,8,1.28,4.2,9,NA,NA,NA,NA,1.28,2.89,-0.5,NA,NA,NA,NA,NA,NA,NA,NA,NA,NA,NA,NA,NA
"374","SP1","23/05/04","Malaga","Betis",2,3,"A",2,0,"H",1.9,3.25,3.4,1.9,3.2,3.5,1.9,3.1,3.5,1.83,3.2,3.75,1.91,3.25,3.5,1.91,3.25,3.5,1.9,3.1,3.6,NA,NA,NA,NA,1.9,1.67,-0.5,NA,NA,NA,2.1,1.8,-0.5,NA,NA,NA,NA,NA,NA,NA
"375","SP1","23/05/04","Real Madrid","Sociedad",1,4,"A",1,3,"A",1.4,4.2,6,1.4,4,6.25,1.4,3.9,6,1.36,4.33,6.5,1.5,4,6,1.4,4,6.5,1.5,3.6,5.5,NA,NA,NA,NA,1.4,2.44,-0.5,NA,NA,NA,NA,NA,NA,NA,NA,NA,NA,NA,NA,NA
"376","SP1","23/05/04","Santander","La Coruna",0,1,"A",0,1,"A",NA,NA,NA,NA,NA,NA,2.7,3.4,2.1,2.88,3.6,2,2.62,3.75,2.1,2.62,3.75,2.1,2.7,3.6,2.1,NA,NA,NA,NA,1.8,2.05,0,NA,NA,NA,1.85,2.05,0,NA,NA,NA,NA,NA,NA,NA
"377","SP1","23/05/04","Sevilla","Osasuna",1,0,"H",0,0,"D",2.5,3.25,2.4,2.5,3.1,2.5,2.5,3,2.5,2.5,3.2,2.5,2.5,3.2,2.5,2.5,3.2,2.5,2.5,3.1,2.5,NA,NA,NA,NA,1.5,2.18,-0.5,NA,NA,NA,NA,NA,NA,NA,NA,NA,NA,NA,NA,NA
"378","SP1","23/05/04","Valencia","Albacete",0,1,"A",0,0,"D",1.5,3.6,5.5,1.5,3.6,5.5,1.5,3.7,5,1.36,4,7,1.53,3.5,5.5,1.53,3.5,5.5,1.5,3.8,5,NA,NA,NA,NA,1.5,2.17,-0.5,NA,NA,NA,1.8,2.1,-1,NA,NA,NA,NA,NA,NA,NA
"379","SP1","23/05/04","Valladolid","Villarreal",3,0,"H",1,0,"H",1.5,3.4,6,1.5,3.4,6,1.45,3.8,5.4,1.5,3.4,6,1.53,3.5,5.5,1.53,3.5,5.5,1.5,3.6,5.5,NA,NA,NA,NA,NA,NA,NA,NA,NA,NA,2,1.9,0.25,NA,NA,NA,NA,NA,NA,NA
"380","SP1","23/05/04","Zaragoza","Barcelona",2,1,"H",1,1,"D",5,3.1,1.66,4.25,3.1,1.75,4.4,3.3,1.65,3.75,3.25,1.8,4.5,3.2,1.73,4.5,3.2,1.73,4,3,1.83,NA,NA,NA,NA,1.79,1.75,0.5,NA,NA,NA,NA,NA,NA,NA,NA,NA,NA,NA,NA,NA
