"","Div","Date","HomeTeam","AwayTeam","FTHG","FTAG","FTR","HTHG","HTAG","HTR","X","X.1","X.2","X.3","X.4","X.5","X.6","X.7","X.8","X.9","X.10"
"1","I1","28/08/99","Bologna","Torino",0,0,"D",0,0,"D",NA,NA,NA,NA,NA,NA,NA,NA,NA,NA,NA
"2","I1","29/08/99","Fiorentina","Bari",1,0,"H",0,0,"D",NA,NA,NA,NA,NA,NA,NA,NA,NA,NA,NA
"3","I1","29/08/99","Inter","Verona",3,0,"H",1,0,"H",NA,NA,NA,NA,NA,NA,NA,NA,NA,NA,NA
"4","I1","29/08/99","Juventus","Reggina",1,1,"D",1,0,"H",NA,NA,NA,NA,NA,NA,NA,NA,NA,NA,NA
"5","I1","29/08/99","Lecce","Milan",2,2,"D",0,0,"D",NA,NA,NA,NA,NA,NA,NA,NA,NA,NA,NA
"6","I1","29/08/99","Perugia","Parma",1,1,"D",0,0,"D",NA,NA,NA,NA,NA,NA,NA,NA,NA,NA,NA
"7","I1","29/08/99","Piacenza","Roma",1,1,"D",0,1,"A",NA,NA,NA,NA,NA,NA,NA,NA,NA,NA,NA
"8","I1","29/08/99","Venezia","Udinese",1,1,"D",0,0,"D",NA,NA,NA,NA,NA,NA,NA,NA,NA,NA,NA
"9","I1","30/08/99","Lazio","Cagliari",2,1,"H",1,0,"H",NA,NA,NA,NA,NA,NA,NA,NA,NA,NA,NA
"10","I1","11/09/99","Bari","Lazio",0,0,"D",0,0,"D",NA,NA,NA,NA,NA,NA,NA,NA,NA,NA,NA
"11","I1","11/09/99","Reggina","Fiorentina",2,2,"D",1,2,"A",NA,NA,NA,NA,NA,NA,NA,NA,NA,NA,NA
"12","I1","11/09/99","Udinese","Piacenza",3,0,"H",1,0,"H",NA,NA,NA,NA,NA,NA,NA,NA,NA,NA,NA
"13","I1","12/09/99","Cagliari","Juventus",0,1,"A",0,0,"D",NA,NA,NA,NA,NA,NA,NA,NA,NA,NA,NA
"14","I1","12/09/99","Milan","Perugia",3,1,"H",1,1,"D",NA,NA,NA,NA,NA,NA,NA,NA,NA,NA,NA
"15","I1","12/09/99","Parma","Bologna",1,1,"D",0,0,"D",NA,NA,NA,NA,NA,NA,NA,NA,NA,NA,NA
"16","I1","12/09/99","Roma","Inter",0,0,"D",0,0,"D",NA,NA,NA,NA,NA,NA,NA,NA,NA,NA,NA
"17","I1","12/09/99","Torino","Venezia",2,1,"H",0,1,"A",NA,NA,NA,NA,NA,NA,NA,NA,NA,NA,NA
"18","I1","12/09/99","Verona","Lecce",2,0,"H",2,0,"H",NA,NA,NA,NA,NA,NA,NA,NA,NA,NA,NA
"19","I1","18/09/99","Bari","Milan",1,1,"D",1,1,"D",NA,NA,NA,NA,NA,NA,NA,NA,NA,NA,NA
"20","I1","18/09/99","Perugia","Cagliari",3,0,"H",3,0,"H",NA,NA,NA,NA,NA,NA,NA,NA,NA,NA,NA
"21","I1","19/09/99","Bologna","Reggina",0,1,"A",0,0,"D",NA,NA,NA,NA,NA,NA,NA,NA,NA,NA,NA
"22","I1","19/09/99","Fiorentina","Verona",4,1,"H",2,0,"H",NA,NA,NA,NA,NA,NA,NA,NA,NA,NA,NA
"23","I1","19/09/99","Inter","Parma",5,1,"H",3,1,"H",NA,NA,NA,NA,NA,NA,NA,NA,NA,NA,NA
"24","I1","19/09/99","Juventus","Udinese",4,1,"H",3,0,"H",NA,NA,NA,NA,NA,NA,NA,NA,NA,NA,NA
"25","I1","19/09/99","Lazio","Torino",3,0,"H",2,0,"H",NA,NA,NA,NA,NA,NA,NA,NA,NA,NA,NA
"26","I1","19/09/99","Piacenza","Lecce",1,1,"D",1,1,"D",NA,NA,NA,NA,NA,NA,NA,NA,NA,NA,NA
"27","I1","19/09/99","Venezia","Roma",1,3,"A",0,1,"A",NA,NA,NA,NA,NA,NA,NA,NA,NA,NA,NA
"28","I1","25/09/99","Lecce","Juventus",2,0,"H",1,0,"H",NA,NA,NA,NA,NA,NA,NA,NA,NA,NA,NA
"29","I1","25/09/99","Milan","Bologna",4,0,"H",2,0,"H",NA,NA,NA,NA,NA,NA,NA,NA,NA,NA,NA
"30","I1","26/09/99","Cagliari","Venezia",1,1,"D",1,1,"D",NA,NA,NA,NA,NA,NA,NA,NA,NA,NA,NA
"31","I1","26/09/99","Parma","Lazio",1,2,"A",0,1,"A",NA,NA,NA,NA,NA,NA,NA,NA,NA,NA,NA
"32","I1","26/09/99","Reggina","Piacenza",1,0,"H",0,0,"D",NA,NA,NA,NA,NA,NA,NA,NA,NA,NA,NA
"33","I1","26/09/99","Roma","Perugia",3,1,"H",1,0,"H",NA,NA,NA,NA,NA,NA,NA,NA,NA,NA,NA
"34","I1","26/09/99","Torino","Inter",0,1,"A",0,0,"D",NA,NA,NA,NA,NA,NA,NA,NA,NA,NA,NA
"35","I1","26/09/99","Udinese","Fiorentina",1,1,"D",0,1,"A",NA,NA,NA,NA,NA,NA,NA,NA,NA,NA,NA
"36","I1","26/09/99","Verona","Bari",0,1,"A",0,1,"A",NA,NA,NA,NA,NA,NA,NA,NA,NA,NA,NA
"37","I1","02/10/99","Cagliari","Torino",1,1,"D",1,0,"H",NA,NA,NA,NA,NA,NA,NA,NA,NA,NA,NA
"38","I1","02/10/99","Inter","Piacenza",2,1,"H",0,0,"D",NA,NA,NA,NA,NA,NA,NA,NA,NA,NA,NA
"39","I1","03/10/99","Bari","Udinese",1,1,"D",1,0,"H",NA,NA,NA,NA,NA,NA,NA,NA,NA,NA,NA
"40","I1","03/10/99","Bologna","Lecce",2,0,"H",2,0,"H",NA,NA,NA,NA,NA,NA,NA,NA,NA,NA,NA
"41","I1","03/10/99","Fiorentina","Roma",1,3,"A",0,1,"A",NA,NA,NA,NA,NA,NA,NA,NA,NA,NA,NA
"42","I1","03/10/99","Juventus","Venezia",1,0,"H",0,0,"D",NA,NA,NA,NA,NA,NA,NA,NA,NA,NA,NA
"43","I1","03/10/99","Lazio","Milan",4,4,"D",3,2,"H",NA,NA,NA,NA,NA,NA,NA,NA,NA,NA,NA
"44","I1","03/10/99","Parma","Verona",3,0,"H",3,0,"H",NA,NA,NA,NA,NA,NA,NA,NA,NA,NA,NA
"45","I1","03/10/99","Perugia","Reggina",2,1,"H",2,0,"H",NA,NA,NA,NA,NA,NA,NA,NA,NA,NA,NA
"46","I1","16/10/99","Fiorentina","Parma",0,2,"A",0,0,"D",NA,NA,NA,NA,NA,NA,NA,NA,NA,NA,NA
"47","I1","16/10/99","Udinese","Lazio",0,3,"A",0,2,"A",NA,NA,NA,NA,NA,NA,NA,NA,NA,NA,NA
"48","I1","17/10/99","Lecce","Reggina",2,1,"H",0,1,"A",NA,NA,NA,NA,NA,NA,NA,NA,NA,NA,NA
"49","I1","17/10/99","Milan","Cagliari",2,2,"D",1,2,"A",NA,NA,NA,NA,NA,NA,NA,NA,NA,NA,NA
"50","I1","17/10/99","Piacenza","Bologna",0,0,"D",0,0,"D",NA,NA,NA,NA,NA,NA,NA,NA,NA,NA,NA
"51","I1","17/10/99","Roma","Juventus",0,1,"A",0,0,"D",NA,NA,NA,NA,NA,NA,NA,NA,NA,NA,NA
"52","I1","17/10/99","Torino","Bari",3,1,"H",1,0,"H",NA,NA,NA,NA,NA,NA,NA,NA,NA,NA,NA
"53","I1","17/10/99","Venezia","Inter",1,0,"H",0,0,"D",NA,NA,NA,NA,NA,NA,NA,NA,NA,NA,NA
"54","I1","17/10/99","Verona","Perugia",2,0,"H",1,0,"H",NA,NA,NA,NA,NA,NA,NA,NA,NA,NA,NA
"55","I1","23/10/99","Inter","Milan",1,2,"A",1,0,"H",NA,NA,NA,NA,NA,NA,NA,NA,NA,NA,NA
"56","I1","23/10/99","Perugia","Venezia",2,1,"H",0,1,"A",NA,NA,NA,NA,NA,NA,NA,NA,NA,NA,NA
"57","I1","24/10/99","Bari","Juventus",1,1,"D",0,1,"A",NA,NA,NA,NA,NA,NA,NA,NA,NA,NA,NA
"58","I1","24/10/99","Bologna","Verona",0,0,"D",0,0,"D",NA,NA,NA,NA,NA,NA,NA,NA,NA,NA,NA
"59","I1","24/10/99","Cagliari","Udinese",0,3,"A",0,2,"A",NA,NA,NA,NA,NA,NA,NA,NA,NA,NA,NA
"60","I1","24/10/99","Lazio","Lecce",4,2,"H",3,2,"H",NA,NA,NA,NA,NA,NA,NA,NA,NA,NA,NA
"61","I1","24/10/99","Piacenza","Fiorentina",2,0,"H",0,0,"D",NA,NA,NA,NA,NA,NA,NA,NA,NA,NA,NA
"62","I1","24/10/99","Reggina","Parma",2,2,"D",0,1,"A",NA,NA,NA,NA,NA,NA,NA,NA,NA,NA,NA
"63","I1","24/10/99","Torino","Roma",1,1,"D",1,0,"H",NA,NA,NA,NA,NA,NA,NA,NA,NA,NA,NA
"64","I1","30/10/99","Fiorentina","Torino",1,1,"D",0,0,"D",NA,NA,NA,NA,NA,NA,NA,NA,NA,NA,NA
"65","I1","30/10/99","Inter","Lazio",1,1,"D",1,0,"H",NA,NA,NA,NA,NA,NA,NA,NA,NA,NA,NA
"66","I1","30/10/99","Venezia","Bologna",0,1,"A",0,1,"A",NA,NA,NA,NA,NA,NA,NA,NA,NA,NA,NA
"67","I1","31/10/99","Juventus","Piacenza",1,0,"H",0,0,"D",NA,NA,NA,NA,NA,NA,NA,NA,NA,NA,NA
"68","I1","31/10/99","Lecce","Perugia",0,1,"A",0,0,"D",NA,NA,NA,NA,NA,NA,NA,NA,NA,NA,NA
"69","I1","31/10/99","Parma","Bari",2,1,"H",2,0,"H",NA,NA,NA,NA,NA,NA,NA,NA,NA,NA,NA
"70","I1","31/10/99","Roma","Cagliari",2,2,"D",2,1,"H",NA,NA,NA,NA,NA,NA,NA,NA,NA,NA,NA
"71","I1","31/10/99","Udinese","Reggina",3,2,"H",1,0,"H",NA,NA,NA,NA,NA,NA,NA,NA,NA,NA,NA
"72","I1","31/10/99","Verona","Milan",0,0,"D",0,0,"D",NA,NA,NA,NA,NA,NA,NA,NA,NA,NA,NA
"73","I1","06/11/99","Cagliari","Fiorentina",1,1,"D",0,1,"A",NA,NA,NA,NA,NA,NA,NA,NA,NA,NA,NA
"74","I1","06/11/99","Perugia","Bari",1,2,"A",0,1,"A",NA,NA,NA,NA,NA,NA,NA,NA,NA,NA,NA
"75","I1","07/11/99","Bologna","Inter",3,0,"H",1,0,"H",NA,NA,NA,NA,NA,NA,NA,NA,NA,NA,NA
"76","I1","07/11/99","Lazio","Verona",4,0,"H",3,0,"H",NA,NA,NA,NA,NA,NA,NA,NA,NA,NA,NA
"77","I1","07/11/99","Lecce","Udinese",1,0,"H",0,0,"D",NA,NA,NA,NA,NA,NA,NA,NA,NA,NA,NA
"78","I1","07/11/99","Milan","Venezia",3,0,"H",0,0,"D",NA,NA,NA,NA,NA,NA,NA,NA,NA,NA,NA
"79","I1","07/11/99","Piacenza","Parma",1,2,"A",1,2,"A",NA,NA,NA,NA,NA,NA,NA,NA,NA,NA,NA
"80","I1","07/11/99","Reggina","Roma",0,4,"A",0,4,"A",NA,NA,NA,NA,NA,NA,NA,NA,NA,NA,NA
"81","I1","07/11/99","Torino","Juventus",0,0,"D",0,0,"D",NA,NA,NA,NA,NA,NA,NA,NA,NA,NA,NA
"82","I1","20/11/99","Fiorentina","Perugia",1,0,"H",0,0,"D",NA,NA,NA,NA,NA,NA,NA,NA,NA,NA,NA
"83","I1","20/11/99","Udinese","Bologna",2,1,"H",0,0,"D",NA,NA,NA,NA,NA,NA,NA,NA,NA,NA,NA
"84","I1","21/11/99","Bari","Reggina",1,1,"D",0,1,"A",NA,NA,NA,NA,NA,NA,NA,NA,NA,NA,NA
"85","I1","21/11/99","Inter","Lecce",6,0,"H",3,0,"H",NA,NA,NA,NA,NA,NA,NA,NA,NA,NA,NA
"86","I1","21/11/99","Juventus","Milan",3,1,"H",1,1,"D",NA,NA,NA,NA,NA,NA,NA,NA,NA,NA,NA
"87","I1","21/11/99","Parma","Cagliari",3,1,"H",1,0,"H",NA,NA,NA,NA,NA,NA,NA,NA,NA,NA,NA
"88","I1","21/11/99","Roma","Lazio",4,1,"H",4,0,"H",NA,NA,NA,NA,NA,NA,NA,NA,NA,NA,NA
"89","I1","21/11/99","Venezia","Piacenza",0,0,"D",0,0,"D",NA,NA,NA,NA,NA,NA,NA,NA,NA,NA,NA
"90","I1","21/11/99","Verona","Torino",0,1,"A",0,1,"A",NA,NA,NA,NA,NA,NA,NA,NA,NA,NA,NA
"91","I1","27/11/99","Bologna","Fiorentina",0,0,"D",0,0,"D",NA,NA,NA,NA,NA,NA,NA,NA,NA,NA,NA
"92","I1","27/11/99","Piacenza","Verona",1,0,"H",1,0,"H",NA,NA,NA,NA,NA,NA,NA,NA,NA,NA,NA
"93","I1","28/11/99","Cagliari","Bari",2,3,"A",2,2,"D",NA,NA,NA,NA,NA,NA,NA,NA,NA,NA,NA
"94","I1","28/11/99","Lazio","Juventus",0,0,"D",0,0,"D",NA,NA,NA,NA,NA,NA,NA,NA,NA,NA,NA
"95","I1","28/11/99","Lecce","Venezia",2,1,"H",0,1,"A",NA,NA,NA,NA,NA,NA,NA,NA,NA,NA,NA
"96","I1","28/11/99","Milan","Parma",2,1,"H",1,0,"H",NA,NA,NA,NA,NA,NA,NA,NA,NA,NA,NA
"97","I1","28/11/99","Reggina","Inter",0,1,"A",0,0,"D",NA,NA,NA,NA,NA,NA,NA,NA,NA,NA,NA
"98","I1","28/11/99","Torino","Perugia",0,1,"A",0,1,"A",NA,NA,NA,NA,NA,NA,NA,NA,NA,NA,NA
"99","I1","28/11/99","Udinese","Roma",0,2,"A",0,0,"D",NA,NA,NA,NA,NA,NA,NA,NA,NA,NA,NA
"100","I1","04/12/99","Juventus","Bologna",2,0,"H",0,0,"D",NA,NA,NA,NA,NA,NA,NA,NA,NA,NA,NA
"101","I1","04/12/99","Perugia","Lazio",0,2,"A",0,1,"A",NA,NA,NA,NA,NA,NA,NA,NA,NA,NA,NA
"102","I1","05/12/99","Bari","Piacenza",3,2,"H",1,1,"D",NA,NA,NA,NA,NA,NA,NA,NA,NA,NA,NA
"103","I1","05/12/99","Fiorentina","Milan",2,1,"H",2,1,"H",NA,NA,NA,NA,NA,NA,NA,NA,NA,NA,NA
"104","I1","05/12/99","Inter","Udinese",3,0,"H",1,0,"H",NA,NA,NA,NA,NA,NA,NA,NA,NA,NA,NA
"105","I1","05/12/99","Parma","Torino",4,1,"H",2,0,"H",NA,NA,NA,NA,NA,NA,NA,NA,NA,NA,NA
"106","I1","05/12/99","Roma","Lecce",3,2,"H",1,0,"H",NA,NA,NA,NA,NA,NA,NA,NA,NA,NA,NA
"107","I1","05/12/99","Venezia","Reggina",2,0,"H",0,0,"D",NA,NA,NA,NA,NA,NA,NA,NA,NA,NA,NA
"108","I1","05/12/99","Verona","Cagliari",2,0,"H",2,0,"H",NA,NA,NA,NA,NA,NA,NA,NA,NA,NA,NA
"109","I1","11/12/99","Lecce","Bari",1,0,"H",0,0,"D",NA,NA,NA,NA,NA,NA,NA,NA,NA,NA,NA
"110","I1","11/12/99","Milan","Torino",2,0,"H",1,0,"H",NA,NA,NA,NA,NA,NA,NA,NA,NA,NA,NA
"111","I1","12/12/99","Bologna","Roma",1,0,"H",1,0,"H",NA,NA,NA,NA,NA,NA,NA,NA,NA,NA,NA
"112","I1","12/12/99","Juventus","Inter",1,0,"H",1,0,"H",NA,NA,NA,NA,NA,NA,NA,NA,NA,NA,NA
"113","I1","12/12/99","Lazio","Fiorentina",2,0,"H",1,0,"H",NA,NA,NA,NA,NA,NA,NA,NA,NA,NA,NA
"114","I1","12/12/99","Piacenza","Perugia",0,0,"D",0,0,"D",NA,NA,NA,NA,NA,NA,NA,NA,NA,NA,NA
"115","I1","12/12/99","Reggina","Cagliari",1,1,"D",0,1,"A",NA,NA,NA,NA,NA,NA,NA,NA,NA,NA,NA
"116","I1","12/12/99","Udinese","Verona",3,3,"D",1,2,"A",NA,NA,NA,NA,NA,NA,NA,NA,NA,NA,NA
"117","I1","12/12/99","Venezia","Parma",0,2,"A",0,1,"A",NA,NA,NA,NA,NA,NA,NA,NA,NA,NA,NA
"118","I1","18/12/99","Bari","Inter",2,1,"H",1,1,"D",NA,NA,NA,NA,NA,NA,NA,NA,NA,NA,NA
"119","I1","18/12/99","Verona","Venezia",1,0,"H",0,0,"D",NA,NA,NA,NA,NA,NA,NA,NA,NA,NA,NA
"120","I1","19/12/99","Cagliari","Lecce",0,0,"D",0,0,"D",NA,NA,NA,NA,NA,NA,NA,NA,NA,NA,NA
"121","I1","19/12/99","Fiorentina","Juventus",1,1,"D",1,1,"D",NA,NA,NA,NA,NA,NA,NA,NA,NA,NA,NA
"122","I1","19/12/99","Lazio","Piacenza",2,0,"H",1,0,"H",NA,NA,NA,NA,NA,NA,NA,NA,NA,NA,NA
"123","I1","19/12/99","Milan","Reggina",2,2,"D",0,1,"A",NA,NA,NA,NA,NA,NA,NA,NA,NA,NA,NA
"124","I1","19/12/99","Parma","Roma",2,0,"H",2,0,"H",NA,NA,NA,NA,NA,NA,NA,NA,NA,NA,NA
"125","I1","19/12/99","Perugia","Bologna",3,2,"H",1,0,"H",NA,NA,NA,NA,NA,NA,NA,NA,NA,NA,NA
"126","I1","19/12/99","Torino","Udinese",0,1,"A",0,1,"A",NA,NA,NA,NA,NA,NA,NA,NA,NA,NA,NA
"127","I1","05/01/00","Venezia","Lazio",2,0,"H",1,0,"H",NA,NA,NA,NA,NA,NA,NA,NA,NA,NA,NA
"128","I1","06/01/00","Bologna","Cagliari",1,0,"H",1,0,"H",NA,NA,NA,NA,NA,NA,NA,NA,NA,NA,NA
"129","I1","06/01/00","Inter","Perugia",5,0,"H",2,0,"H",NA,NA,NA,NA,NA,NA,NA,NA,NA,NA,NA
"130","I1","06/01/00","Juventus","Verona",1,0,"H",0,0,"D",NA,NA,NA,NA,NA,NA,NA,NA,NA,NA,NA
"131","I1","06/01/00","Lecce","Fiorentina",0,0,"D",0,0,"D",NA,NA,NA,NA,NA,NA,NA,NA,NA,NA,NA
"132","I1","06/01/00","Piacenza","Milan",0,1,"A",0,1,"A",NA,NA,NA,NA,NA,NA,NA,NA,NA,NA,NA
"133","I1","06/01/00","Reggina","Torino",2,1,"H",1,0,"H",NA,NA,NA,NA,NA,NA,NA,NA,NA,NA,NA
"134","I1","06/01/00","Roma","Bari",3,1,"H",2,1,"H",NA,NA,NA,NA,NA,NA,NA,NA,NA,NA,NA
"135","I1","06/01/00","Udinese","Parma",0,1,"A",0,0,"D",NA,NA,NA,NA,NA,NA,NA,NA,NA,NA,NA
"136","I1","09/01/00","Bari","Venezia",3,0,"H",1,0,"H",NA,NA,NA,NA,NA,NA,NA,NA,NA,NA,NA
"137","I1","09/01/00","Cagliari","Piacenza",3,0,"H",0,0,"D",NA,NA,NA,NA,NA,NA,NA,NA,NA,NA,NA
"138","I1","09/01/00","Fiorentina","Inter",2,1,"H",1,0,"H",NA,NA,NA,NA,NA,NA,NA,NA,NA,NA,NA
"139","I1","09/01/00","Lazio","Bologna",3,1,"H",1,0,"H",NA,NA,NA,NA,NA,NA,NA,NA,NA,NA,NA
"140","I1","09/01/00","Milan","Roma",2,2,"D",1,1,"D",NA,NA,NA,NA,NA,NA,NA,NA,NA,NA,NA
"141","I1","09/01/00","Parma","Juventus",1,1,"D",0,0,"D",NA,NA,NA,NA,NA,NA,NA,NA,NA,NA,NA
"142","I1","09/01/00","Perugia","Udinese",0,5,"A",0,4,"A",NA,NA,NA,NA,NA,NA,NA,NA,NA,NA,NA
"143","I1","09/01/00","Torino","Lecce",1,2,"A",0,0,"D",NA,NA,NA,NA,NA,NA,NA,NA,NA,NA,NA
"144","I1","09/01/00","Verona","Reggina",1,1,"D",0,1,"A",NA,NA,NA,NA,NA,NA,NA,NA,NA,NA,NA
"145","I1","15/01/00","Bologna","Bari",1,0,"H",0,0,"D",NA,NA,NA,NA,NA,NA,NA,NA,NA,NA,NA
"146","I1","15/01/00","Venezia","Fiorentina",2,1,"H",1,0,"H",NA,NA,NA,NA,NA,NA,NA,NA,NA,NA,NA
"147","I1","16/01/00","Inter","Cagliari",2,1,"H",1,1,"D",NA,NA,NA,NA,NA,NA,NA,NA,NA,NA,NA
"148","I1","16/01/00","Juventus","Perugia",3,0,"H",1,0,"H",NA,NA,NA,NA,NA,NA,NA,NA,NA,NA,NA
"149","I1","16/01/00","Lecce","Parma",0,0,"D",0,0,"D",NA,NA,NA,NA,NA,NA,NA,NA,NA,NA,NA
"150","I1","16/01/00","Piacenza","Torino",0,2,"A",0,0,"D",NA,NA,NA,NA,NA,NA,NA,NA,NA,NA,NA
"151","I1","16/01/00","Reggina","Lazio",0,0,"D",0,0,"D",NA,NA,NA,NA,NA,NA,NA,NA,NA,NA,NA
"152","I1","16/01/00","Roma","Verona",3,1,"H",3,1,"H",NA,NA,NA,NA,NA,NA,NA,NA,NA,NA,NA
"153","I1","16/01/00","Udinese","Milan",1,2,"A",0,1,"A",NA,NA,NA,NA,NA,NA,NA,NA,NA,NA,NA
"154","I1","22/01/00","Cagliari","Lazio",0,0,"D",0,0,"D",NA,NA,NA,NA,NA,NA,NA,NA,NA,NA,NA
"155","I1","22/01/00","Roma","Piacenza",2,1,"H",0,0,"D",NA,NA,NA,NA,NA,NA,NA,NA,NA,NA,NA
"156","I1","23/01/00","Bari","Fiorentina",1,0,"H",0,0,"D",NA,NA,NA,NA,NA,NA,NA,NA,NA,NA,NA
"157","I1","23/01/00","Milan","Lecce",2,2,"D",0,1,"A",NA,NA,NA,NA,NA,NA,NA,NA,NA,NA,NA
"158","I1","23/01/00","Parma","Perugia",1,2,"A",0,2,"A",NA,NA,NA,NA,NA,NA,NA,NA,NA,NA,NA
"159","I1","23/01/00","Reggina","Juventus",0,2,"A",0,1,"A",NA,NA,NA,NA,NA,NA,NA,NA,NA,NA,NA
"160","I1","23/01/00","Torino","Bologna",2,1,"H",1,0,"H",NA,NA,NA,NA,NA,NA,NA,NA,NA,NA,NA
"161","I1","23/01/00","Udinese","Venezia",5,2,"H",3,2,"H",NA,NA,NA,NA,NA,NA,NA,NA,NA,NA,NA
"162","I1","23/01/00","Verona","Inter",1,2,"A",1,0,"H",NA,NA,NA,NA,NA,NA,NA,NA,NA,NA,NA
"163","I1","29/01/00","Lecce","Verona",2,1,"H",1,1,"D",NA,NA,NA,NA,NA,NA,NA,NA,NA,NA,NA
"164","I1","29/01/00","Piacenza","Udinese",0,1,"A",0,0,"D",NA,NA,NA,NA,NA,NA,NA,NA,NA,NA,NA
"165","I1","30/01/00","Bologna","Parma",1,0,"H",0,0,"D",NA,NA,NA,NA,NA,NA,NA,NA,NA,NA,NA
"166","I1","30/01/00","Fiorentina","Reggina",1,0,"H",0,0,"D",NA,NA,NA,NA,NA,NA,NA,NA,NA,NA,NA
"167","I1","30/01/00","Inter","Roma",2,1,"H",2,1,"H",NA,NA,NA,NA,NA,NA,NA,NA,NA,NA,NA
"168","I1","30/01/00","Juventus","Cagliari",1,1,"D",1,1,"D",NA,NA,NA,NA,NA,NA,NA,NA,NA,NA,NA
"169","I1","30/01/00","Lazio","Bari",3,1,"H",3,1,"H",NA,NA,NA,NA,NA,NA,NA,NA,NA,NA,NA
"170","I1","30/01/00","Perugia","Milan",0,3,"A",0,0,"D",NA,NA,NA,NA,NA,NA,NA,NA,NA,NA,NA
"171","I1","30/01/00","Venezia","Torino",2,2,"D",2,0,"H",NA,NA,NA,NA,NA,NA,NA,NA,NA,NA,NA
"172","I1","05/02/00","Cagliari","Perugia",2,1,"H",2,1,"H",NA,NA,NA,NA,NA,NA,NA,NA,NA,NA,NA
"173","I1","05/02/00","Udinese","Juventus",1,1,"D",1,0,"H",NA,NA,NA,NA,NA,NA,NA,NA,NA,NA,NA
"174","I1","06/02/00","Lecce","Piacenza",0,1,"A",0,0,"D",NA,NA,NA,NA,NA,NA,NA,NA,NA,NA,NA
"175","I1","06/02/00","Milan","Bari",4,1,"H",1,0,"H",NA,NA,NA,NA,NA,NA,NA,NA,NA,NA,NA
"176","I1","06/02/00","Parma","Inter",1,1,"D",0,0,"D",NA,NA,NA,NA,NA,NA,NA,NA,NA,NA,NA
"177","I1","06/02/00","Reggina","Bologna",1,0,"H",1,0,"H",NA,NA,NA,NA,NA,NA,NA,NA,NA,NA,NA
"178","I1","06/02/00","Roma","Venezia",5,0,"H",3,0,"H",NA,NA,NA,NA,NA,NA,NA,NA,NA,NA,NA
"179","I1","06/02/00","Torino","Lazio",2,4,"A",0,1,"A",NA,NA,NA,NA,NA,NA,NA,NA,NA,NA,NA
"180","I1","06/02/00","Verona","Fiorentina",2,2,"D",0,1,"A",NA,NA,NA,NA,NA,NA,NA,NA,NA,NA,NA
"181","I1","12/02/00","Bari","Verona",1,1,"D",0,1,"A",NA,NA,NA,NA,NA,NA,NA,NA,NA,NA,NA
"182","I1","12/02/00","Bologna","Milan",2,3,"A",0,1,"A",NA,NA,NA,NA,NA,NA,NA,NA,NA,NA,NA
"183","I1","13/02/00","Fiorentina","Udinese",1,1,"D",0,0,"D",NA,NA,NA,NA,NA,NA,NA,NA,NA,NA,NA
"184","I1","13/02/00","Inter","Torino",1,1,"D",1,1,"D",NA,NA,NA,NA,NA,NA,NA,NA,NA,NA,NA
"185","I1","13/02/00","Juventus","Lecce",1,0,"H",1,0,"H",NA,NA,NA,NA,NA,NA,NA,NA,NA,NA,NA
"186","I1","13/02/00","Lazio","Parma",0,0,"D",0,0,"D",NA,NA,NA,NA,NA,NA,NA,NA,NA,NA,NA
"187","I1","13/02/00","Perugia","Roma",2,2,"D",0,2,"A",NA,NA,NA,NA,NA,NA,NA,NA,NA,NA,NA
"188","I1","13/02/00","Piacenza","Reggina",0,0,"D",0,0,"D",NA,NA,NA,NA,NA,NA,NA,NA,NA,NA,NA
"189","I1","13/02/00","Venezia","Cagliari",3,0,"H",0,0,"D",NA,NA,NA,NA,NA,NA,NA,NA,NA,NA,NA
"190","I1","19/02/00","Reggina","Perugia",1,1,"D",0,1,"A",NA,NA,NA,NA,NA,NA,NA,NA,NA,NA,NA
"191","I1","19/02/00","Roma","Fiorentina",4,0,"H",2,0,"H",NA,NA,NA,NA,NA,NA,NA,NA,NA,NA,NA
"192","I1","20/02/00","Lecce","Bologna",1,1,"D",0,0,"D",NA,NA,NA,NA,NA,NA,NA,NA,NA,NA,NA
"193","I1","20/02/00","Milan","Lazio",2,1,"H",1,0,"H",NA,NA,NA,NA,NA,NA,NA,NA,NA,NA,NA
"194","I1","20/02/00","Piacenza","Inter",1,3,"A",0,1,"A",NA,NA,NA,NA,NA,NA,NA,NA,NA,NA,NA
"195","I1","20/02/00","Torino","Cagliari",1,1,"D",1,1,"D",NA,NA,NA,NA,NA,NA,NA,NA,NA,NA,NA
"196","I1","20/02/00","Udinese","Bari",5,1,"H",4,1,"H",NA,NA,NA,NA,NA,NA,NA,NA,NA,NA,NA
"197","I1","20/02/00","Venezia","Juventus",0,4,"A",0,1,"A",NA,NA,NA,NA,NA,NA,NA,NA,NA,NA,NA
"198","I1","20/02/00","Verona","Parma",4,3,"H",1,3,"A",NA,NA,NA,NA,NA,NA,NA,NA,NA,NA,NA
"199","I1","26/02/00","Lazio","Udinese",2,1,"H",1,0,"H",NA,NA,NA,NA,NA,NA,NA,NA,NA,NA,NA
"200","I1","26/02/00","Parma","Fiorentina",0,4,"A",0,1,"A",NA,NA,NA,NA,NA,NA,NA,NA,NA,NA,NA
"201","I1","27/02/00","Bari","Torino",1,1,"D",0,0,"D",NA,NA,NA,NA,NA,NA,NA,NA,NA,NA,NA
"202","I1","27/02/00","Bologna","Piacenza",0,0,"D",0,0,"D",NA,NA,NA,NA,NA,NA,NA,NA,NA,NA,NA
"203","I1","27/02/00","Cagliari","Milan",0,0,"D",0,0,"D",NA,NA,NA,NA,NA,NA,NA,NA,NA,NA,NA
"204","I1","27/02/00","Inter","Venezia",3,0,"H",1,0,"H",NA,NA,NA,NA,NA,NA,NA,NA,NA,NA,NA
"205","I1","27/02/00","Juventus","Roma",2,1,"H",1,1,"D",NA,NA,NA,NA,NA,NA,NA,NA,NA,NA,NA
"206","I1","27/02/00","Perugia","Verona",0,0,"D",0,0,"D",NA,NA,NA,NA,NA,NA,NA,NA,NA,NA,NA
"207","I1","27/02/00","Reggina","Lecce",2,1,"H",2,0,"H",NA,NA,NA,NA,NA,NA,NA,NA,NA,NA,NA
"208","I1","04/03/00","Fiorentina","Piacenza",2,1,"H",0,0,"D",NA,NA,NA,NA,NA,NA,NA,NA,NA,NA,NA
"209","I1","04/03/00","Udinese","Cagliari",5,2,"H",1,0,"H",NA,NA,NA,NA,NA,NA,NA,NA,NA,NA,NA
"210","I1","05/03/00","Juventus","Bari",2,0,"H",1,0,"H",NA,NA,NA,NA,NA,NA,NA,NA,NA,NA,NA
"211","I1","05/03/00","Lecce","Lazio",0,1,"A",0,1,"A",NA,NA,NA,NA,NA,NA,NA,NA,NA,NA,NA
"212","I1","05/03/00","Milan","Inter",1,2,"A",0,1,"A",NA,NA,NA,NA,NA,NA,NA,NA,NA,NA,NA
"213","I1","05/03/00","Parma","Reggina",3,0,"H",3,0,"H",NA,NA,NA,NA,NA,NA,NA,NA,NA,NA,NA
"214","I1","05/03/00","Roma","Torino",1,0,"H",0,0,"D",NA,NA,NA,NA,NA,NA,NA,NA,NA,NA,NA
"215","I1","05/03/00","Venezia","Perugia",1,2,"A",0,1,"A",NA,NA,NA,NA,NA,NA,NA,NA,NA,NA,NA
"216","I1","05/03/00","Verona","Bologna",0,0,"D",0,0,"D",NA,NA,NA,NA,NA,NA,NA,NA,NA,NA,NA
"217","I1","11/03/00","Bologna","Venezia",1,1,"D",0,1,"A",NA,NA,NA,NA,NA,NA,NA,NA,NA,NA,NA
"218","I1","11/03/00","Lazio","Inter",2,2,"D",0,1,"A",NA,NA,NA,NA,NA,NA,NA,NA,NA,NA,NA
"219","I1","12/03/00","Bari","Parma",0,1,"A",0,0,"D",NA,NA,NA,NA,NA,NA,NA,NA,NA,NA,NA
"220","I1","12/03/00","Cagliari","Roma",1,0,"H",1,0,"H",NA,NA,NA,NA,NA,NA,NA,NA,NA,NA,NA
"221","I1","12/03/00","Milan","Verona",3,3,"D",2,0,"H",NA,NA,NA,NA,NA,NA,NA,NA,NA,NA,NA
"222","I1","12/03/00","Perugia","Lecce",2,2,"D",0,0,"D",NA,NA,NA,NA,NA,NA,NA,NA,NA,NA,NA
"223","I1","12/03/00","Piacenza","Juventus",0,2,"A",0,0,"D",NA,NA,NA,NA,NA,NA,NA,NA,NA,NA,NA
"224","I1","12/03/00","Reggina","Udinese",0,0,"D",0,0,"D",NA,NA,NA,NA,NA,NA,NA,NA,NA,NA,NA
"225","I1","12/03/00","Torino","Fiorentina",1,0,"H",1,0,"H",NA,NA,NA,NA,NA,NA,NA,NA,NA,NA,NA
"226","I1","18/03/00","Fiorentina","Cagliari",2,0,"H",1,0,"H",NA,NA,NA,NA,NA,NA,NA,NA,NA,NA,NA
"227","I1","18/03/00","Inter","Bologna",1,1,"D",0,0,"D",NA,NA,NA,NA,NA,NA,NA,NA,NA,NA,NA
"228","I1","19/03/00","Bari","Perugia",0,2,"A",0,2,"A",NA,NA,NA,NA,NA,NA,NA,NA,NA,NA,NA
"229","I1","19/03/00","Juventus","Torino",3,2,"H",1,1,"D",NA,NA,NA,NA,NA,NA,NA,NA,NA,NA,NA
"230","I1","19/03/00","Parma","Piacenza",1,0,"H",0,0,"D",NA,NA,NA,NA,NA,NA,NA,NA,NA,NA,NA
"231","I1","19/03/00","Roma","Reggina",0,2,"A",0,1,"A",NA,NA,NA,NA,NA,NA,NA,NA,NA,NA,NA
"232","I1","19/03/00","Udinese","Lecce",2,1,"H",1,1,"D",NA,NA,NA,NA,NA,NA,NA,NA,NA,NA,NA
"233","I1","19/03/00","Venezia","Milan",1,0,"H",1,0,"H",NA,NA,NA,NA,NA,NA,NA,NA,NA,NA,NA
"234","I1","19/03/00","Verona","Lazio",1,0,"H",1,0,"H",NA,NA,NA,NA,NA,NA,NA,NA,NA,NA,NA
"235","I1","24/03/00","Milan","Juventus",2,0,"H",1,0,"H",NA,NA,NA,NA,NA,NA,NA,NA,NA,NA,NA
"236","I1","25/03/00","Bologna","Udinese",2,1,"H",2,0,"H",NA,NA,NA,NA,NA,NA,NA,NA,NA,NA,NA
"237","I1","25/03/00","Cagliari","Parma",2,3,"A",0,2,"A",NA,NA,NA,NA,NA,NA,NA,NA,NA,NA,NA
"238","I1","25/03/00","Lazio","Roma",2,1,"H",2,1,"H",NA,NA,NA,NA,NA,NA,NA,NA,NA,NA,NA
"239","I1","25/03/00","Lecce","Inter",1,0,"H",1,0,"H",NA,NA,NA,NA,NA,NA,NA,NA,NA,NA,NA
"240","I1","25/03/00","Perugia","Fiorentina",1,2,"A",1,1,"D",NA,NA,NA,NA,NA,NA,NA,NA,NA,NA,NA
"241","I1","25/03/00","Piacenza","Venezia",2,2,"D",1,2,"A",NA,NA,NA,NA,NA,NA,NA,NA,NA,NA,NA
"242","I1","25/03/00","Reggina","Bari",1,0,"H",1,0,"H",NA,NA,NA,NA,NA,NA,NA,NA,NA,NA,NA
"243","I1","25/03/00","Torino","Verona",0,3,"A",0,3,"A",NA,NA,NA,NA,NA,NA,NA,NA,NA,NA,NA
"244","I1","01/04/00","Fiorentina","Bologna",2,2,"D",1,1,"D",NA,NA,NA,NA,NA,NA,NA,NA,NA,NA,NA
"245","I1","01/04/00","Juventus","Lazio",0,1,"A",0,0,"D",NA,NA,NA,NA,NA,NA,NA,NA,NA,NA,NA
"246","I1","02/04/00","Bari","Cagliari",1,0,"H",1,0,"H",NA,NA,NA,NA,NA,NA,NA,NA,NA,NA,NA
"247","I1","02/04/00","Inter","Reggina",1,1,"D",1,0,"H",NA,NA,NA,NA,NA,NA,NA,NA,NA,NA,NA
"248","I1","02/04/00","Parma","Milan",1,0,"H",0,0,"D",NA,NA,NA,NA,NA,NA,NA,NA,NA,NA,NA
"249","I1","02/04/00","Perugia","Torino",1,0,"H",1,0,"H",NA,NA,NA,NA,NA,NA,NA,NA,NA,NA,NA
"250","I1","02/04/00","Roma","Udinese",1,1,"D",1,0,"H",NA,NA,NA,NA,NA,NA,NA,NA,NA,NA,NA
"251","I1","02/04/00","Venezia","Lecce",0,0,"D",0,0,"D",NA,NA,NA,NA,NA,NA,NA,NA,NA,NA,NA
"252","I1","02/04/00","Verona","Piacenza",1,0,"H",0,0,"D",NA,NA,NA,NA,NA,NA,NA,NA,NA,NA,NA
"253","I1","08/04/00","Torino","Parma",2,2,"D",1,0,"H",NA,NA,NA,NA,NA,NA,NA,NA,NA,NA,NA
"254","I1","08/04/00","Udinese","Inter",3,0,"H",2,0,"H",NA,NA,NA,NA,NA,NA,NA,NA,NA,NA,NA
"255","I1","09/04/00","Bologna","Juventus",0,2,"A",0,0,"D",NA,NA,NA,NA,NA,NA,NA,NA,NA,NA,NA
"256","I1","09/04/00","Cagliari","Verona",0,1,"A",0,1,"A",NA,NA,NA,NA,NA,NA,NA,NA,NA,NA,NA
"257","I1","09/04/00","Lazio","Perugia",1,0,"H",0,0,"D",NA,NA,NA,NA,NA,NA,NA,NA,NA,NA,NA
"258","I1","09/04/00","Lecce","Roma",0,0,"D",0,0,"D",NA,NA,NA,NA,NA,NA,NA,NA,NA,NA,NA
"259","I1","09/04/00","Milan","Fiorentina",1,1,"D",0,0,"D",NA,NA,NA,NA,NA,NA,NA,NA,NA,NA,NA
"260","I1","09/04/00","Piacenza","Bari",2,1,"H",1,0,"H",NA,NA,NA,NA,NA,NA,NA,NA,NA,NA,NA
"261","I1","09/04/00","Reggina","Venezia",1,0,"H",0,0,"D",NA,NA,NA,NA,NA,NA,NA,NA,NA,NA,NA
"262","I1","15/04/00","Fiorentina","Lazio",3,3,"D",1,2,"A",NA,NA,NA,NA,NA,NA,NA,NA,NA,NA,NA
"263","I1","15/04/00","Verona","Udinese",2,2,"D",0,0,"D",NA,NA,NA,NA,NA,NA,NA,NA,NA,NA,NA
"264","I1","16/04/00","Bari","Lecce",3,1,"H",3,0,"H",NA,NA,NA,NA,NA,NA,NA,NA,NA,NA,NA
"265","I1","16/04/00","Cagliari","Reggina",0,1,"A",0,1,"A",NA,NA,NA,NA,NA,NA,NA,NA,NA,NA,NA
"266","I1","16/04/00","Inter","Juventus",1,2,"A",0,0,"D",NA,NA,NA,NA,NA,NA,NA,NA,NA,NA,NA
"267","I1","16/04/00","Parma","Venezia",3,1,"H",1,1,"D",NA,NA,NA,NA,NA,NA,NA,NA,NA,NA,NA
"268","I1","16/04/00","Perugia","Piacenza",2,0,"H",1,0,"H",NA,NA,NA,NA,NA,NA,NA,NA,NA,NA,NA
"269","I1","16/04/00","Roma","Bologna",2,0,"H",1,0,"H",NA,NA,NA,NA,NA,NA,NA,NA,NA,NA,NA
"270","I1","16/04/00","Torino","Milan",2,2,"D",1,1,"D",NA,NA,NA,NA,NA,NA,NA,NA,NA,NA,NA
"271","I1","22/04/00","Bologna","Perugia",2,1,"H",2,1,"H",NA,NA,NA,NA,NA,NA,NA,NA,NA,NA,NA
"272","I1","22/04/00","Inter","Bari",3,0,"H",2,0,"H",NA,NA,NA,NA,NA,NA,NA,NA,NA,NA,NA
"273","I1","22/04/00","Juventus","Fiorentina",1,0,"H",1,0,"H",NA,NA,NA,NA,NA,NA,NA,NA,NA,NA,NA
"274","I1","22/04/00","Lecce","Cagliari",2,1,"H",1,0,"H",NA,NA,NA,NA,NA,NA,NA,NA,NA,NA,NA
"275","I1","22/04/00","Piacenza","Lazio",0,2,"A",0,0,"D",NA,NA,NA,NA,NA,NA,NA,NA,NA,NA,NA
"276","I1","22/04/00","Reggina","Milan",1,2,"A",1,2,"A",NA,NA,NA,NA,NA,NA,NA,NA,NA,NA,NA
"277","I1","22/04/00","Roma","Parma",0,0,"D",0,0,"D",NA,NA,NA,NA,NA,NA,NA,NA,NA,NA,NA
"278","I1","22/04/00","Udinese","Torino",0,0,"D",0,0,"D",NA,NA,NA,NA,NA,NA,NA,NA,NA,NA,NA
"279","I1","22/04/00","Venezia","Verona",2,2,"D",1,0,"H",NA,NA,NA,NA,NA,NA,NA,NA,NA,NA,NA
"280","I1","30/04/00","Bari","Roma",0,0,"D",0,0,"D",NA,NA,NA,NA,NA,NA,NA,NA,NA,NA,NA
"281","I1","30/04/00","Cagliari","Bologna",2,2,"D",2,1,"H",NA,NA,NA,NA,NA,NA,NA,NA,NA,NA,NA
"282","I1","30/04/00","Fiorentina","Lecce",3,0,"H",2,0,"H",NA,NA,NA,NA,NA,NA,NA,NA,NA,NA,NA
"283","I1","30/04/00","Lazio","Venezia",3,2,"H",1,0,"H",NA,NA,NA,NA,NA,NA,NA,NA,NA,NA,NA
"284","I1","30/04/00","Milan","Piacenza",1,0,"H",1,0,"H",NA,NA,NA,NA,NA,NA,NA,NA,NA,NA,NA
"285","I1","30/04/00","Parma","Udinese",0,0,"D",0,0,"D",NA,NA,NA,NA,NA,NA,NA,NA,NA,NA,NA
"286","I1","30/04/00","Perugia","Inter",1,2,"A",0,1,"A",NA,NA,NA,NA,NA,NA,NA,NA,NA,NA,NA
"287","I1","30/04/00","Torino","Reggina",2,1,"H",1,0,"H",NA,NA,NA,NA,NA,NA,NA,NA,NA,NA,NA
"288","I1","30/04/00","Verona","Juventus",2,0,"H",1,0,"H",NA,NA,NA,NA,NA,NA,NA,NA,NA,NA,NA
"289","I1","07/05/00","Bologna","Lazio",2,3,"A",1,1,"D",NA,NA,NA,NA,NA,NA,NA,NA,NA,NA,NA
"290","I1","07/05/00","Inter","Fiorentina",0,4,"A",0,1,"A",NA,NA,NA,NA,NA,NA,NA,NA,NA,NA,NA
"291","I1","07/05/00","Juventus","Parma",1,0,"H",0,0,"D",NA,NA,NA,NA,NA,NA,NA,NA,NA,NA,NA
"292","I1","07/05/00","Lecce","Torino",2,1,"H",0,0,"D",NA,NA,NA,NA,NA,NA,NA,NA,NA,NA,NA
"293","I1","07/05/00","Piacenza","Cagliari",1,1,"D",1,1,"D",NA,NA,NA,NA,NA,NA,NA,NA,NA,NA,NA
"294","I1","07/05/00","Reggina","Verona",1,1,"D",1,0,"H",NA,NA,NA,NA,NA,NA,NA,NA,NA,NA,NA
"295","I1","07/05/00","Roma","Milan",1,1,"D",1,0,"H",NA,NA,NA,NA,NA,NA,NA,NA,NA,NA,NA
"296","I1","07/05/00","Udinese","Perugia",2,1,"H",1,1,"D",NA,NA,NA,NA,NA,NA,NA,NA,NA,NA,NA
"297","I1","07/05/00","Venezia","Bari",0,1,"A",0,0,"D",NA,NA,NA,NA,NA,NA,NA,NA,NA,NA,NA
"298","I1","14/05/00","Bari","Bologna",1,1,"D",1,1,"D",NA,NA,NA,NA,NA,NA,NA,NA,NA,NA,NA
"299","I1","14/05/00","Cagliari","Inter",0,2,"A",0,0,"D",NA,NA,NA,NA,NA,NA,NA,NA,NA,NA,NA
"300","I1","14/05/00","Fiorentina","Venezia",3,0,"H",2,0,"H",NA,NA,NA,NA,NA,NA,NA,NA,NA,NA,NA
"301","I1","14/05/00","Lazio","Reggina",3,0,"H",2,0,"H",NA,NA,NA,NA,NA,NA,NA,NA,NA,NA,NA
"302","I1","14/05/00","Milan","Udinese",4,0,"H",2,0,"H",NA,NA,NA,NA,NA,NA,NA,NA,NA,NA,NA
"303","I1","14/05/00","Parma","Lecce",4,1,"H",1,0,"H",NA,NA,NA,NA,NA,NA,NA,NA,NA,NA,NA
"304","I1","14/05/00","Perugia","Juventus",1,0,"H",0,0,"D",NA,NA,NA,NA,NA,NA,NA,NA,NA,NA,NA
"305","I1","14/05/00","Torino","Piacenza",2,1,"H",2,1,"H",NA,NA,NA,NA,NA,NA,NA,NA,NA,NA,NA
"306","I1","14/05/00","Verona","Roma",2,2,"D",1,2,"A",NA,NA,NA,NA,NA,NA,NA,NA,NA,NA,NA
"307","","","","",NA,NA,"",NA,NA,"",NA,NA,NA,NA,NA,NA,NA,NA,NA,NA,NA
"308","","","","",NA,NA,"",NA,NA,"",NA,NA,NA,NA,NA,NA,NA,NA,NA,NA,NA
"309","","","","",NA,NA,"",NA,NA,"",NA,NA,NA,NA,NA,NA,NA,NA,NA,NA,NA
"310","","","","",NA,NA,"",NA,NA,"",NA,NA,NA,NA,NA,NA,NA,NA,NA,NA,NA
"311","","","","",NA,NA,"",NA,NA,"",NA,NA,NA,NA,NA,NA,NA,NA,NA,NA,NA
"312","","","","",NA,NA,"",NA,NA,"",NA,NA,NA,NA,NA,NA,NA,NA,NA,NA,NA
"313","","","","",NA,NA,"",NA,NA,"",NA,NA,NA,NA,NA,NA,NA,NA,NA,NA,NA
"314","","","","",NA,NA,"",NA,NA,"",NA,NA,NA,NA,NA,NA,NA,NA,NA,NA,NA
"315","","","","",NA,NA,"",NA,NA,"",NA,NA,NA,NA,NA,NA,NA,NA,NA,NA,NA
"316","","","","",NA,NA,"",NA,NA,"",NA,NA,NA,NA,NA,NA,NA,NA,NA,NA,NA
"317","","","","",NA,NA,"",NA,NA,"",NA,NA,NA,NA,NA,NA,NA,NA,NA,NA,NA
"318","","","","",NA,NA,"",NA,NA,"",NA,NA,NA,NA,NA,NA,NA,NA,NA,NA,NA
"319","","","","",NA,NA,"",NA,NA,"",NA,NA,NA,NA,NA,NA,NA,NA,NA,NA,NA
"320","","","","",NA,NA,"",NA,NA,"",NA,NA,NA,NA,NA,NA,NA,NA,NA,NA,NA
"321","","","","",NA,NA,"",NA,NA,"",NA,NA,NA,NA,NA,NA,NA,NA,NA,NA,NA
"322","","","","",NA,NA,"",NA,NA,"",NA,NA,NA,NA,NA,NA,NA,NA,NA,NA,NA
"323","","","","",NA,NA,"",NA,NA,"",NA,NA,NA,NA,NA,NA,NA,NA,NA,NA,NA
"324","","","","",NA,NA,"",NA,NA,"",NA,NA,NA,NA,NA,NA,NA,NA,NA,NA,NA
"325","","","","",NA,NA,"",NA,NA,"",NA,NA,NA,NA,NA,NA,NA,NA,NA,NA,NA
"326","","","","",NA,NA,"",NA,NA,"",NA,NA,NA,NA,NA,NA,NA,NA,NA,NA,NA
"327","","","","",NA,NA,"",NA,NA,"",NA,NA,NA,NA,NA,NA,NA,NA,NA,NA,NA
"328","","","","",NA,NA,"",NA,NA,"",NA,NA,NA,NA,NA,NA,NA,NA,NA,NA,NA
"329","","","","",NA,NA,"",NA,NA,"",NA,NA,NA,NA,NA,NA,NA,NA,NA,NA,NA
"330","","","","",NA,NA,"",NA,NA,"",NA,NA,NA,NA,NA,NA,NA,NA,NA,NA,NA
"331","","","","",NA,NA,"",NA,NA,"",NA,NA,NA,NA,NA,NA,NA,NA,NA,NA,NA
"332","","","","",NA,NA,"",NA,NA,"",NA,NA,NA,NA,NA,NA,NA,NA,NA,NA,NA
"333","","","","",NA,NA,"",NA,NA,"",NA,NA,NA,NA,NA,NA,NA,NA,NA,NA,NA
"334","","","","",NA,NA,"",NA,NA,"",NA,NA,NA,NA,NA,NA,NA,NA,NA,NA,NA
"335","","","","",NA,NA,"",NA,NA,"",NA,NA,NA,NA,NA,NA,NA,NA,NA,NA,NA
"336","","","","",NA,NA,"",NA,NA,"",NA,NA,NA,NA,NA,NA,NA,NA,NA,NA,NA
"337","","","","",NA,NA,"",NA,NA,"",NA,NA,NA,NA,NA,NA,NA,NA,NA,NA,NA
"338","","","","",NA,NA,"",NA,NA,"",NA,NA,NA,NA,NA,NA,NA,NA,NA,NA,NA
"339","","","","",NA,NA,"",NA,NA,"",NA,NA,NA,NA,NA,NA,NA,NA,NA,NA,NA
"340","","","","",NA,NA,"",NA,NA,"",NA,NA,NA,NA,NA,NA,NA,NA,NA,NA,NA
"341","","","","",NA,NA,"",NA,NA,"",NA,NA,NA,NA,NA,NA,NA,NA,NA,NA,NA
"342","","","","",NA,NA,"",NA,NA,"",NA,NA,NA,NA,NA,NA,NA,NA,NA,NA,NA
"343","","","","",NA,NA,"",NA,NA,"",NA,NA,NA,NA,NA,NA,NA,NA,NA,NA,NA
"344","","","","",NA,NA,"",NA,NA,"",NA,NA,NA,NA,NA,NA,NA,NA,NA,NA,NA
"345","","","","",NA,NA,"",NA,NA,"",NA,NA,NA,NA,NA,NA,NA,NA,NA,NA,NA
"346","","","","",NA,NA,"",NA,NA,"",NA,NA,NA,NA,NA,NA,NA,NA,NA,NA,NA
"347","","","","",NA,NA,"",NA,NA,"",NA,NA,NA,NA,NA,NA,NA,NA,NA,NA,NA
"348","","","","",NA,NA,"",NA,NA,"",NA,NA,NA,NA,NA,NA,NA,NA,NA,NA,NA
"349","","","","",NA,NA,"",NA,NA,"",NA,NA,NA,NA,NA,NA,NA,NA,NA,NA,NA
"350","","","","",NA,NA,"",NA,NA,"",NA,NA,NA,NA,NA,NA,NA,NA,NA,NA,NA
"351","","","","",NA,NA,"",NA,NA,"",NA,NA,NA,NA,NA,NA,NA,NA,NA,NA,NA
"352","","","","",NA,NA,"",NA,NA,"",NA,NA,NA,NA,NA,NA,NA,NA,NA,NA,NA
"353","","","","",NA,NA,"",NA,NA,"",NA,NA,NA,NA,NA,NA,NA,NA,NA,NA,NA
"354","","","","",NA,NA,"",NA,NA,"",NA,NA,NA,NA,NA,NA,NA,NA,NA,NA,NA
"355","","","","",NA,NA,"",NA,NA,"",NA,NA,NA,NA,NA,NA,NA,NA,NA,NA,NA
"356","","","","",NA,NA,"",NA,NA,"",NA,NA,NA,NA,NA,NA,NA,NA,NA,NA,NA
"357","","","","",NA,NA,"",NA,NA,"",NA,NA,NA,NA,NA,NA,NA,NA,NA,NA,NA
"358","","","","",NA,NA,"",NA,NA,"",NA,NA,NA,NA,NA,NA,NA,NA,NA,NA,NA
"359","","","","",NA,NA,"",NA,NA,"",NA,NA,NA,NA,NA,NA,NA,NA,NA,NA,NA
"360","","","","",NA,NA,"",NA,NA,"",NA,NA,NA,NA,NA,NA,NA,NA,NA,NA,NA
"361","","","","",NA,NA,"",NA,NA,"",NA,NA,NA,NA,NA,NA,NA,NA,NA,NA,NA
"362","","","","",NA,NA,"",NA,NA,"",NA,NA,NA,NA,NA,NA,NA,NA,NA,NA,NA
"363","","","","",NA,NA,"",NA,NA,"",NA,NA,NA,NA,NA,NA,NA,NA,NA,NA,NA
"364","","","","",NA,NA,"",NA,NA,"",NA,NA,NA,NA,NA,NA,NA,NA,NA,NA,NA
"365","","","","",NA,NA,"",NA,NA,"",NA,NA,NA,NA,NA,NA,NA,NA,NA,NA,NA
"366","","","","",NA,NA,"",NA,NA,"",NA,NA,NA,NA,NA,NA,NA,NA,NA,NA,NA
"367","","","","",NA,NA,"",NA,NA,"",NA,NA,NA,NA,NA,NA,NA,NA,NA,NA,NA
"368","","","","",NA,NA,"",NA,NA,"",NA,NA,NA,NA,NA,NA,NA,NA,NA,NA,NA
"369","","","","",NA,NA,"",NA,NA,"",NA,NA,NA,NA,NA,NA,NA,NA,NA,NA,NA
"370","","","","",NA,NA,"",NA,NA,"",NA,NA,NA,NA,NA,NA,NA,NA,NA,NA,NA
"371","","","","",NA,NA,"",NA,NA,"",NA,NA,NA,NA,NA,NA,NA,NA,NA,NA,NA
"372","","","","",NA,NA,"",NA,NA,"",NA,NA,NA,NA,NA,NA,NA,NA,NA,NA,NA
"373","","","","",NA,NA,"",NA,NA,"",NA,NA,NA,NA,NA,NA,NA,NA,NA,NA,NA
"374","","","","",NA,NA,"",NA,NA,"",NA,NA,NA,NA,NA,NA,NA,NA,NA,NA,NA
"375","","","","",NA,NA,"",NA,NA,"",NA,NA,NA,NA,NA,NA,NA,NA,NA,NA,NA
"376","","","","",NA,NA,"",NA,NA,"",NA,NA,NA,NA,NA,NA,NA,NA,NA,NA,NA
"377","","","","",NA,NA,"",NA,NA,"",NA,NA,NA,NA,NA,NA,NA,NA,NA,NA,NA
"378","","","","",NA,NA,"",NA,NA,"",NA,NA,NA,NA,NA,NA,NA,NA,NA,NA,NA
"379","","","","",NA,NA,"",NA,NA,"",NA,NA,NA,NA,NA,NA,NA,NA,NA,NA,NA
"380","","","","",NA,NA,"",NA,NA,"",NA,NA,NA,NA,NA,NA,NA,NA,NA,NA,NA
"381","","","","",NA,NA,"",NA,NA,"",NA,NA,NA,NA,NA,NA,NA,NA,NA,NA,NA
"382","","","","",NA,NA,"",NA,NA,"",NA,NA,NA,NA,NA,NA,NA,NA,NA,NA,NA
"383","","","","",NA,NA,"",NA,NA,"",NA,NA,NA,NA,NA,NA,NA,NA,NA,NA,NA
"384","","","","",NA,NA,"",NA,NA,"",NA,NA,NA,NA,NA,NA,NA,NA,NA,NA,NA
"385","","","","",NA,NA,"",NA,NA,"",NA,NA,NA,NA,NA,NA,NA,NA,NA,NA,NA
"386","","","","",NA,NA,"",NA,NA,"",NA,NA,NA,NA,NA,NA,NA,NA,NA,NA,NA
"387","","","","",NA,NA,"",NA,NA,"",NA,NA,NA,NA,NA,NA,NA,NA,NA,NA,NA
"388","","","","",NA,NA,"",NA,NA,"",NA,NA,NA,NA,NA,NA,NA,NA,NA,NA,NA
"389","","","","",NA,NA,"",NA,NA,"",NA,NA,NA,NA,NA,NA,NA,NA,NA,NA,NA
"390","","","","",NA,NA,"",NA,NA,"",NA,NA,NA,NA,NA,NA,NA,NA,NA,NA,NA
"391","","","","",NA,NA,"",NA,NA,"",NA,NA,NA,NA,NA,NA,NA,NA,NA,NA,NA
"392","","","","",NA,NA,"",NA,NA,"",NA,NA,NA,NA,NA,NA,NA,NA,NA,NA,NA
"393","","","","",NA,NA,"",NA,NA,"",NA,NA,NA,NA,NA,NA,NA,NA,NA,NA,NA
"394","","","","",NA,NA,"",NA,NA,"",NA,NA,NA,NA,NA,NA,NA,NA,NA,NA,NA
"395","","","","",NA,NA,"",NA,NA,"",NA,NA,NA,NA,NA,NA,NA,NA,NA,NA,NA
"396","","","","",NA,NA,"",NA,NA,"",NA,NA,NA,NA,NA,NA,NA,NA,NA,NA,NA
"397","","","","",NA,NA,"",NA,NA,"",NA,NA,NA,NA,NA,NA,NA,NA,NA,NA,NA
"398","","","","",NA,NA,"",NA,NA,"",NA,NA,NA,NA,NA,NA,NA,NA,NA,NA,NA
"399","","","","",NA,NA,"",NA,NA,"",NA,NA,NA,NA,NA,NA,NA,NA,NA,NA,NA
"400","","","","",NA,NA,"",NA,NA,"",NA,NA,NA,NA,NA,NA,NA,NA,NA,NA,NA
"401","","","","",NA,NA,"",NA,NA,"",NA,NA,NA,NA,NA,NA,NA,NA,NA,NA,NA
"402","","","","",NA,NA,"",NA,NA,"",NA,NA,NA,NA,NA,NA,NA,NA,NA,NA,NA
"403","","","","",NA,NA,"",NA,NA,"",NA,NA,NA,NA,NA,NA,NA,NA,NA,NA,NA
"404","","","","",NA,NA,"",NA,NA,"",NA,NA,NA,NA,NA,NA,NA,NA,NA,NA,NA
"405","","","","",NA,NA,"",NA,NA,"",NA,NA,NA,NA,NA,NA,NA,NA,NA,NA,NA
"406","","","","",NA,NA,"",NA,NA,"",NA,NA,NA,NA,NA,NA,NA,NA,NA,NA,NA
"407","","","","",NA,NA,"",NA,NA,"",NA,NA,NA,NA,NA,NA,NA,NA,NA,NA,NA
"408","","","","",NA,NA,"",NA,NA,"",NA,NA,NA,NA,NA,NA,NA,NA,NA,NA,NA
"409","","","","",NA,NA,"",NA,NA,"",NA,NA,NA,NA,NA,NA,NA,NA,NA,NA,NA
"410","","","","",NA,NA,"",NA,NA,"",NA,NA,NA,NA,NA,NA,NA,NA,NA,NA,NA
"411","","","","",NA,NA,"",NA,NA,"",NA,NA,NA,NA,NA,NA,NA,NA,NA,NA,NA
"412","","","","",NA,NA,"",NA,NA,"",NA,NA,NA,NA,NA,NA,NA,NA,NA,NA,NA
"413","","","","",NA,NA,"",NA,NA,"",NA,NA,NA,NA,NA,NA,NA,NA,NA,NA,NA
"414","","","","",NA,NA,"",NA,NA,"",NA,NA,NA,NA,NA,NA,NA,NA,NA,NA,NA
"415","","","","",NA,NA,"",NA,NA,"",NA,NA,NA,NA,NA,NA,NA,NA,NA,NA,NA
"416","","","","",NA,NA,"",NA,NA,"",NA,NA,NA,NA,NA,NA,NA,NA,NA,NA,NA
"417","","","","",NA,NA,"",NA,NA,"",NA,NA,NA,NA,NA,NA,NA,NA,NA,NA,NA
"418","","","","",NA,NA,"",NA,NA,"",NA,NA,NA,NA,NA,NA,NA,NA,NA,NA,NA
"419","","","","",NA,NA,"",NA,NA,"",NA,NA,NA,NA,NA,NA,NA,NA,NA,NA,NA
"420","","","","",NA,NA,"",NA,NA,"",NA,NA,NA,NA,NA,NA,NA,NA,NA,NA,NA
"421","","","","",NA,NA,"",NA,NA,"",NA,NA,NA,NA,NA,NA,NA,NA,NA,NA,NA
"422","","","","",NA,NA,"",NA,NA,"",NA,NA,NA,NA,NA,NA,NA,NA,NA,NA,NA
"423","","","","",NA,NA,"",NA,NA,"",NA,NA,NA,NA,NA,NA,NA,NA,NA,NA,NA
"424","","","","",NA,NA,"",NA,NA,"",NA,NA,NA,NA,NA,NA,NA,NA,NA,NA,NA
"425","","","","",NA,NA,"",NA,NA,"",NA,NA,NA,NA,NA,NA,NA,NA,NA,NA,NA
"426","","","","",NA,NA,"",NA,NA,"",NA,NA,NA,NA,NA,NA,NA,NA,NA,NA,NA
"427","","","","",NA,NA,"",NA,NA,"",NA,NA,NA,NA,NA,NA,NA,NA,NA,NA,NA
"428","","","","",NA,NA,"",NA,NA,"",NA,NA,NA,NA,NA,NA,NA,NA,NA,NA,NA
"429","","","","",NA,NA,"",NA,NA,"",NA,NA,NA,NA,NA,NA,NA,NA,NA,NA,NA
"430","","","","",NA,NA,"",NA,NA,"",NA,NA,NA,NA,NA,NA,NA,NA,NA,NA,NA
"431","","","","",NA,NA,"",NA,NA,"",NA,NA,NA,NA,NA,NA,NA,NA,NA,NA,NA
"432","","","","",NA,NA,"",NA,NA,"",NA,NA,NA,NA,NA,NA,NA,NA,NA,NA,NA
"433","","","","",NA,NA,"",NA,NA,"",NA,NA,NA,NA,NA,NA,NA,NA,NA,NA,NA
"434","","","","",NA,NA,"",NA,NA,"",NA,NA,NA,NA,NA,NA,NA,NA,NA,NA,NA
"435","","","","",NA,NA,"",NA,NA,"",NA,NA,NA,NA,NA,NA,NA,NA,NA,NA,NA
"436","","","","",NA,NA,"",NA,NA,"",NA,NA,NA,NA,NA,NA,NA,NA,NA,NA,NA
"437","","","","",NA,NA,"",NA,NA,"",NA,NA,NA,NA,NA,NA,NA,NA,NA,NA,NA
"438","","","","",NA,NA,"",NA,NA,"",NA,NA,NA,NA,NA,NA,NA,NA,NA,NA,NA
"439","","","","",NA,NA,"",NA,NA,"",NA,NA,NA,NA,NA,NA,NA,NA,NA,NA,NA
"440","","","","",NA,NA,"",NA,NA,"",NA,NA,NA,NA,NA,NA,NA,NA,NA,NA,NA
"441","","","","",NA,NA,"",NA,NA,"",NA,NA,NA,NA,NA,NA,NA,NA,NA,NA,NA
"442","","","","",NA,NA,"",NA,NA,"",NA,NA,NA,NA,NA,NA,NA,NA,NA,NA,NA
"443","","","","",NA,NA,"",NA,NA,"",NA,NA,NA,NA,NA,NA,NA,NA,NA,NA,NA
"444","","","","",NA,NA,"",NA,NA,"",NA,NA,NA,NA,NA,NA,NA,NA,NA,NA,NA
"445","","","","",NA,NA,"",NA,NA,"",NA,NA,NA,NA,NA,NA,NA,NA,NA,NA,NA
"446","","","","",NA,NA,"",NA,NA,"",NA,NA,NA,NA,NA,NA,NA,NA,NA,NA,NA
"447","","","","",NA,NA,"",NA,NA,"",NA,NA,NA,NA,NA,NA,NA,NA,NA,NA,NA
"448","","","","",NA,NA,"",NA,NA,"",NA,NA,NA,NA,NA,NA,NA,NA,NA,NA,NA
"449","","","","",NA,NA,"",NA,NA,"",NA,NA,NA,NA,NA,NA,NA,NA,NA,NA,NA
"450","","","","",NA,NA,"",NA,NA,"",NA,NA,NA,NA,NA,NA,NA,NA,NA,NA,NA
"451","","","","",NA,NA,"",NA,NA,"",NA,NA,NA,NA,NA,NA,NA,NA,NA,NA,NA
"452","","","","",NA,NA,"",NA,NA,"",NA,NA,NA,NA,NA,NA,NA,NA,NA,NA,NA
"453","","","","",NA,NA,"",NA,NA,"",NA,NA,NA,NA,NA,NA,NA,NA,NA,NA,NA
"454","","","","",NA,NA,"",NA,NA,"",NA,NA,NA,NA,NA,NA,NA,NA,NA,NA,NA
"455","","","","",NA,NA,"",NA,NA,"",NA,NA,NA,NA,NA,NA,NA,NA,NA,NA,NA
"456","","","","",NA,NA,"",NA,NA,"",NA,NA,NA,NA,NA,NA,NA,NA,NA,NA,NA
"457","","","","",NA,NA,"",NA,NA,"",NA,NA,NA,NA,NA,NA,NA,NA,NA,NA,NA
"458","","","","",NA,NA,"",NA,NA,"",NA,NA,NA,NA,NA,NA,NA,NA,NA,NA,NA
"459","","","","",NA,NA,"",NA,NA,"",NA,NA,NA,NA,NA,NA,NA,NA,NA,NA,NA
"460","","","","",NA,NA,"",NA,NA,"",NA,NA,NA,NA,NA,NA,NA,NA,NA,NA,NA
"461","","","","",NA,NA,"",NA,NA,"",NA,NA,NA,NA,NA,NA,NA,NA,NA,NA,NA
"462","","","","",NA,NA,"",NA,NA,"",NA,NA,NA,NA,NA,NA,NA,NA,NA,NA,NA
"463","","","","",NA,NA,"",NA,NA,"",NA,NA,NA,NA,NA,NA,NA,NA,NA,NA,NA
"464","","","","",NA,NA,"",NA,NA,"",NA,NA,NA,NA,NA,NA,NA,NA,NA,NA,NA
"465","","","","",NA,NA,"",NA,NA,"",NA,NA,NA,NA,NA,NA,NA,NA,NA,NA,NA
"466","","","","",NA,NA,"",NA,NA,"",NA,NA,NA,NA,NA,NA,NA,NA,NA,NA,NA
"467","","","","",NA,NA,"",NA,NA,"",NA,NA,NA,NA,NA,NA,NA,NA,NA,NA,NA
"468","","","","",NA,NA,"",NA,NA,"",NA,NA,NA,NA,NA,NA,NA,NA,NA,NA,NA
"469","","","","",NA,NA,"",NA,NA,"",NA,NA,NA,NA,NA,NA,NA,NA,NA,NA,NA
"470","","","","",NA,NA,"",NA,NA,"",NA,NA,NA,NA,NA,NA,NA,NA,NA,NA,NA
"471","","","","",NA,NA,"",NA,NA,"",NA,NA,NA,NA,NA,NA,NA,NA,NA,NA,NA
"472","","","","",NA,NA,"",NA,NA,"",NA,NA,NA,NA,NA,NA,NA,NA,NA,NA,NA
"473","","","","",NA,NA,"",NA,NA,"",NA,NA,NA,NA,NA,NA,NA,NA,NA,NA,NA
"474","","","","",NA,NA,"",NA,NA,"",NA,NA,NA,NA,NA,NA,NA,NA,NA,NA,NA
"475","","","","",NA,NA,"",NA,NA,"",NA,NA,NA,NA,NA,NA,NA,NA,NA,NA,NA
"476","","","","",NA,NA,"",NA,NA,"",NA,NA,NA,NA,NA,NA,NA,NA,NA,NA,NA
"477","","","","",NA,NA,"",NA,NA,"",NA,NA,NA,NA,NA,NA,NA,NA,NA,NA,NA
"478","","","","",NA,NA,"",NA,NA,"",NA,NA,NA,NA,NA,NA,NA,NA,NA,NA,NA
"479","","","","",NA,NA,"",NA,NA,"",NA,NA,NA,NA,NA,NA,NA,NA,NA,NA,NA
"480","","","","",NA,NA,"",NA,NA,"",NA,NA,NA,NA,NA,NA,NA,NA,NA,NA,NA
"481","","","","",NA,NA,"",NA,NA,"",NA,NA,NA,NA,NA,NA,NA,NA,NA,NA,NA
"482","","","","",NA,NA,"",NA,NA,"",NA,NA,NA,NA,NA,NA,NA,NA,NA,NA,NA
"483","","","","",NA,NA,"",NA,NA,"",NA,NA,NA,NA,NA,NA,NA,NA,NA,NA,NA
"484","","","","",NA,NA,"",NA,NA,"",NA,NA,NA,NA,NA,NA,NA,NA,NA,NA,NA
"485","","","","",NA,NA,"",NA,NA,"",NA,NA,NA,NA,NA,NA,NA,NA,NA,NA,NA
"486","","","","",NA,NA,"",NA,NA,"",NA,NA,NA,NA,NA,NA,NA,NA,NA,NA,NA
"487","","","","",NA,NA,"",NA,NA,"",NA,NA,NA,NA,NA,NA,NA,NA,NA,NA,NA
"488","","","","",NA,NA,"",NA,NA,"",NA,NA,NA,NA,NA,NA,NA,NA,NA,NA,NA
"489","","","","",NA,NA,"",NA,NA,"",NA,NA,NA,NA,NA,NA,NA,NA,NA,NA,NA
"490","","","","",NA,NA,"",NA,NA,"",NA,NA,NA,NA,NA,NA,NA,NA,NA,NA,NA
"491","","","","",NA,NA,"",NA,NA,"",NA,NA,NA,NA,NA,NA,NA,NA,NA,NA,NA
"492","","","","",NA,NA,"",NA,NA,"",NA,NA,NA,NA,NA,NA,NA,NA,NA,NA,NA
"493","","","","",NA,NA,"",NA,NA,"",NA,NA,NA,NA,NA,NA,NA,NA,NA,NA,NA
"494","","","","",NA,NA,"",NA,NA,"",NA,NA,NA,NA,NA,NA,NA,NA,NA,NA,NA
"495","","","","",NA,NA,"",NA,NA,"",NA,NA,NA,NA,NA,NA,NA,NA,NA,NA,NA
"496","","","","",NA,NA,"",NA,NA,"",NA,NA,NA,NA,NA,NA,NA,NA,NA,NA,NA
"497","","","","",NA,NA,"",NA,NA,"",NA,NA,NA,NA,NA,NA,NA,NA,NA,NA,NA
"498","","","","",NA,NA,"",NA,NA,"",NA,NA,NA,NA,NA,NA,NA,NA,NA,NA,NA
"499","","","","",NA,NA,"",NA,NA,"",NA,NA,NA,NA,NA,NA,NA,NA,NA,NA,NA
"500","","","","",NA,NA,"",NA,NA,"",NA,NA,NA,NA,NA,NA,NA,NA,NA,NA,NA
"501","","","","",NA,NA,"",NA,NA,"",NA,NA,NA,NA,NA,NA,NA,NA,NA,NA,NA
"502","","","","",NA,NA,"",NA,NA,"",NA,NA,NA,NA,NA,NA,NA,NA,NA,NA,NA
"503","","","","",NA,NA,"",NA,NA,"",NA,NA,NA,NA,NA,NA,NA,NA,NA,NA,NA
"504","","","","",NA,NA,"",NA,NA,"",NA,NA,NA,NA,NA,NA,NA,NA,NA,NA,NA
"505","","","","",NA,NA,"",NA,NA,"",NA,NA,NA,NA,NA,NA,NA,NA,NA,NA,NA
"506","","","","",NA,NA,"",NA,NA,"",NA,NA,NA,NA,NA,NA,NA,NA,NA,NA,NA
"507","","","","",NA,NA,"",NA,NA,"",NA,NA,NA,NA,NA,NA,NA,NA,NA,NA,NA
"508","","","","",NA,NA,"",NA,NA,"",NA,NA,NA,NA,NA,NA,NA,NA,NA,NA,NA
"509","","","","",NA,NA,"",NA,NA,"",NA,NA,NA,NA,NA,NA,NA,NA,NA,NA,NA
"510","","","","",NA,NA,"",NA,NA,"",NA,NA,NA,NA,NA,NA,NA,NA,NA,NA,NA
"511","","","","",NA,NA,"",NA,NA,"",NA,NA,NA,NA,NA,NA,NA,NA,NA,NA,NA
"512","","","","",NA,NA,"",NA,NA,"",NA,NA,NA,NA,NA,NA,NA,NA,NA,NA,NA
"513","","","","",NA,NA,"",NA,NA,"",NA,NA,NA,NA,NA,NA,NA,NA,NA,NA,NA
"514","","","","",NA,NA,"",NA,NA,"",NA,NA,NA,NA,NA,NA,NA,NA,NA,NA,NA
"515","","","","",NA,NA,"",NA,NA,"",NA,NA,NA,NA,NA,NA,NA,NA,NA,NA,NA
"516","","","","",NA,NA,"",NA,NA,"",NA,NA,NA,NA,NA,NA,NA,NA,NA,NA,NA
"517","","","","",NA,NA,"",NA,NA,"",NA,NA,NA,NA,NA,NA,NA,NA,NA,NA,NA
"518","","","","",NA,NA,"",NA,NA,"",NA,NA,NA,NA,NA,NA,NA,NA,NA,NA,NA
"519","","","","",NA,NA,"",NA,NA,"",NA,NA,NA,NA,NA,NA,NA,NA,NA,NA,NA
"520","","","","",NA,NA,"",NA,NA,"",NA,NA,NA,NA,NA,NA,NA,NA,NA,NA,NA
"521","","","","",NA,NA,"",NA,NA,"",NA,NA,NA,NA,NA,NA,NA,NA,NA,NA,NA
"522","","","","",NA,NA,"",NA,NA,"",NA,NA,NA,NA,NA,NA,NA,NA,NA,NA,NA
"523","","","","",NA,NA,"",NA,NA,"",NA,NA,NA,NA,NA,NA,NA,NA,NA,NA,NA
"524","","","","",NA,NA,"",NA,NA,"",NA,NA,NA,NA,NA,NA,NA,NA,NA,NA,NA
"525","","","","",NA,NA,"",NA,NA,"",NA,NA,NA,NA,NA,NA,NA,NA,NA,NA,NA
"526","","","","",NA,NA,"",NA,NA,"",NA,NA,NA,NA,NA,NA,NA,NA,NA,NA,NA
"527","","","","",NA,NA,"",NA,NA,"",NA,NA,NA,NA,NA,NA,NA,NA,NA,NA,NA
"528","","","","",NA,NA,"",NA,NA,"",NA,NA,NA,NA,NA,NA,NA,NA,NA,NA,NA
"529","","","","",NA,NA,"",NA,NA,"",NA,NA,NA,NA,NA,NA,NA,NA,NA,NA,NA
"530","","","","",NA,NA,"",NA,NA,"",NA,NA,NA,NA,NA,NA,NA,NA,NA,NA,NA
"531","","","","",NA,NA,"",NA,NA,"",NA,NA,NA,NA,NA,NA,NA,NA,NA,NA,NA
"532","","","","",NA,NA,"",NA,NA,"",NA,NA,NA,NA,NA,NA,NA,NA,NA,NA,NA
"533","","","","",NA,NA,"",NA,NA,"",NA,NA,NA,NA,NA,NA,NA,NA,NA,NA,NA
"534","","","","",NA,NA,"",NA,NA,"",NA,NA,NA,NA,NA,NA,NA,NA,NA,NA,NA
"535","","","","",NA,NA,"",NA,NA,"",NA,NA,NA,NA,NA,NA,NA,NA,NA,NA,NA
"536","","","","",NA,NA,"",NA,NA,"",NA,NA,NA,NA,NA,NA,NA,NA,NA,NA,NA
"537","","","","",NA,NA,"",NA,NA,"",NA,NA,NA,NA,NA,NA,NA,NA,NA,NA,NA
"538","","","","",NA,NA,"",NA,NA,"",NA,NA,NA,NA,NA,NA,NA,NA,NA,NA,NA
"539","","","","",NA,NA,"",NA,NA,"",NA,NA,NA,NA,NA,NA,NA,NA,NA,NA,NA
"540","","","","",NA,NA,"",NA,NA,"",NA,NA,NA,NA,NA,NA,NA,NA,NA,NA,NA
"541","","","","",NA,NA,"",NA,NA,"",NA,NA,NA,NA,NA,NA,NA,NA,NA,NA,NA
"542","","","","",NA,NA,"",NA,NA,"",NA,NA,NA,NA,NA,NA,NA,NA,NA,NA,NA
"543","","","","",NA,NA,"",NA,NA,"",NA,NA,NA,NA,NA,NA,NA,NA,NA,NA,NA
"544","","","","",NA,NA,"",NA,NA,"",NA,NA,NA,NA,NA,NA,NA,NA,NA,NA,NA
"545","","","","",NA,NA,"",NA,NA,"",NA,NA,NA,NA,NA,NA,NA,NA,NA,NA,NA
"546","","","","",NA,NA,"",NA,NA,"",NA,NA,NA,NA,NA,NA,NA,NA,NA,NA,NA
"547","","","","",NA,NA,"",NA,NA,"",NA,NA,NA,NA,NA,NA,NA,NA,NA,NA,NA
"548","","","","",NA,NA,"",NA,NA,"",NA,NA,NA,NA,NA,NA,NA,NA,NA,NA,NA
"549","","","","",NA,NA,"",NA,NA,"",NA,NA,NA,NA,NA,NA,NA,NA,NA,NA,NA
"550","","","","",NA,NA,"",NA,NA,"",NA,NA,NA,NA,NA,NA,NA,NA,NA,NA,NA
"551","","","","",NA,NA,"",NA,NA,"",NA,NA,NA,NA,NA,NA,NA,NA,NA,NA,NA
"552","","","","",NA,NA,"",NA,NA,"",NA,NA,NA,NA,NA,NA,NA,NA,NA,NA,NA
